0.256866898,,0.059820498
0.108189004,,0.046934986
0.071059198,,
0.216995822,,
0.085312499,,
0.06356411,,
0.178246251,,
0.075584535,,
0.064332763,,
0.221531182,,
0.09227846,,
0.060874661,,
0.259576652,,
0.107515792,,
0.050541168,,
0.093284705,,
0.126407365,,
0.077638691,,
0.087234767,,
0.074365027,,
0.065622752,,
0.094719956,,
0.033519513,,
0.059128118,,
0.086902028,,
0.017056679,,
0.060741836,,
0.077191586,,
0.019727708,,
0.060230944,,
0.06475461,,
0.023000719,,
0.060495273,,
0.078374175,,
0.045241829,,
0.058667207,,
0.082543203,,
0.06892054,,
0.066983845,,
0.082671589,,
0.115559537,,
0.072676701,,
0.080307931,,
0.10200855,,
0.094931043,,
0.064033357,,
0.060953555,,
0.067824258,,
0.078461436,,
0.083259665,,
0.039632034,,
0.075089871,,
0.082049,,
0.097773253,,
0.074188978,,
0.070634436,,
0.146395475,,
0.077167285,,
0.060692481,,
0.165497246,,
0.07881314,,
0.057456844,,
0.172822593,,
0.075396712,,
0.054789616,,
0.158971656,,
0.06803648,,
0.060288347,,
0.128107372,,
0.067379945,,
0.056066008,,
0.080220803,,
0.065973157,,
0.067664373,,
0.046047174,,
0.076987934,,
0.088994471,,
0.056906256,,
0.08146529,,
0.087525214,,
0.114029476,,
0.068928334,,
0.0459408,,
0.080714295,,
0.071285383,,
0.055395921,,
0.051574561,,
0.090702171,,
0.088141858,,
0.0737136,,
0.079518814,,
0.081237093,,
0.16165928,,
0.047014171,,
0.04806706,,
0.150826441,,
0.040809066,,
0.060498345,,
0.074709305,,
0.08212723,,
0.093894539,,
0.050750952,,
0.094456864,,
0.091878945,,
0.071658941,,
0.079283295,,
0.055376893,,
0.061642379,,
0.076099204,,
0.048713561,,
0.04709011,,
0.088872422,,
0.088455458,,
0.084253232,,
0.075898554,,
0.090830218,,
0.095260729,,
0.074495231,,
0.095730366,,
0.047617163,,
0.087723706,,
0.096505223,,
0.07199465,,
0.072844722,,
0.06052052,,
0.10243721,,
0.060009949,,
0.053447864,,
0.053902421,,
0.092963265,,
0.093048187,,
0.082837367,,
0.079064918,,
0.097634242,,
0.084773846,,
0.072137545,,
0.095185813,,
0.051718712,,
0.091118726,,
0.096945643,,
0.092685007,,
0.060908801,,
0.062675977,,
0.117801077,,
0.057793245,,
0.078907001,,
0.08925589,,
0.079608351,,
0.080313181,,
0.100019689,,
0.076597784,,
0.082455688,,
0.091311976,,
0.057099433,,
0.077956008,,
0.091746572,,
0.119400076,,
0.104596887,,
0.074863707,,
0.083424218,,
0.051755097,,
0.074552554,,
0.084620837,,
0.172708389,,
0.053778217,,
0.057490867,,
0.151222375,,
0.060673971,,
0.052544193,,
0.046553934,,
0.077200157,,
0.08919335,,
0.123688338,,
0.078626907,,
0.081580694,,
0.073254761,,
0.068949042,,
0.079839476,,
0.086032147,,
0.077793324,,
0.060456108,,
0.093498887,,
0.072598476,,
0.074413036,,
0.076239162,,
0.070118018,,
0.08513604,,
0.269953266,,
0.110771113,,
0.048008608,,
0.047306356,,
0.059009154,,
0.078903943,,
0.135383956,,
0.078170194,,
0.066965003,,
0.138812313,,
0.078726575,,
0.070753008,,
0.044555545,,
0.067417565,,
0.087598594,,
0.269202249,,
0.107776065,,
0.054174742,,
0.201265374,,
0.075930031,,
0.054784899,,
0.019051653,,
0.053952958,,
0.079721722,,
0.180555654,,
0.081998826,,
0.075889192,,
0.167967863,,
0.072963831,,
0.05941558,,
0.021172457,,
0.059995521,,
0.075529021,,
0.206628675,,
0.091438222,,
0.055786024,,
0.192152847,,
0.06880866,,
0.056551218,,
0.026680422,,
0.054721802,,
0.069268876,,
0.1906409,,
0.075340195,,
0.057992125,,
0.169533867,,
0.07017174,,
0.051295691,,
0.015388687,,
0.051814785,,
0.063022163,,
0.184233503,,
0.073149805,,
0.048159853,,
0.203051634,,
0.089139056,,
0.062237567,,
0.039035062,,
0.059703423,,
0.070796332,,
0.176205855,,
0.063581806,,
0.055633037,,
0.16339584,,
0.085024489,,
0.063887497,,
0.027766452,,
0.059812421,,
0.067162624,,
0.214501958,,
0.089411459,,
0.05632545,,
0.246637041,,
0.118021293,,
0.074838275,,
0.04447143,,
0.062804447,,
0.078074336,,
0.139478342,,
0.070218044,,
0.068850526,,
0.147316708,,
0.073042484,,
0.054607705,,
0.051115127,,
0.054904942,,
0.074666762,,
0.251023042,,
0.115081571,,
0.066403176,,
0.079689362,,
0.074656886,,
0.086327998,,
0.105286481,,
0.07986374,,
0.067181831,,
0.105384862,,
0.07439776,,
0.059091528,,
0.091168276,,
0.068940865,,
0.08577042,,
0.129616163,,
0.071791456,,
0.087689127,,
0.044502565,,
0.07880002,,
0.081440028,,
0.143369927,,
0.056471259,,
0.065948198,,
0.153921045,,
0.062747042,,
0.061014986,,
0.045579234,,
0.081177145,,
0.083433996,,
0.13200966,,
0.066553484,,
0.087640815,,
0.116716805,,
0.063948786,,
0.076802843,,
0.086745321,,
0.070422734,,
0.074448502,,
0.091347309,,
0.078480452,,
0.082609972,,
0.083332854,,
0.056383567,,
0.081390404,,
0.084039066,,
0.119972461,,
0.104765948,,
0.066270795,,
0.046783986,,
0.052016517,,
0.092704519,,
0.084920957,,
0.073690604,,
0.071434453,,
0.094894474,,
0.090391472,,
0.07441011,,
0.084396131,,
0.049738934,,
0.089137935,,
0.080041204,,
0.088711141,,
0.055776149,,
0.052770076,,
0.070619105,,
0.088423002,,
0.046559869,,
0.052148292,,
0.091454392,,
0.089136029,,
0.081163729,,
0.07669064,,
0.093135197,,
0.078923558,,
0.074499822,,
0.094436699,,
0.05238496,,
0.089090038,,
0.089008445,,
0.06841782,,
0.073915697,,
0.053757648,,
0.073033469,,
0.073830748,,
0.052360912,,
0.06269832,,
0.095249563,,
0.091826834,,
0.086950822,,
0.084405876,,
0.091624067,,
0.164845523,,
0.05893393,,
0.064729356,,
0.180192479,,
0.05635711,,
0.067516914,,
0.087209071,,
0.079654192,,
0.091006434,,
0.052891477,,
0.090546503,,
0.089044419,,
0.069668394,,
0.073230967,,
0.054971548,,
0.102285943,,
0.061471227,,
0.054340366,,
0.049717708,,
0.076199057,,
0.088664891,,
0.0423615,,
0.069413028,,
0.087494003,,
0.082546329,,
0.077912945,,
0.072688963,,
0.138711584,,
0.079682652,,
0.069477844,,
0.185576124,,
0.074115749,,
0.059389332,,
0.176715091,,
0.071004399,,
0.052444997,,
0.17147085,,
0.080289114,,
0.05933379,,
0.13224392,,
0.079511061,,
0.061623818,,
0.08877701,,
0.07133493,,
0.065155666,,
0.04595866,,
0.075014364,,
0.084632944,,
0.066743716,,
0.081251045,,
0.08616932,,
0.121198242,,
0.070525442,,
0.048742166,,
0.103985724,,
0.112907098,,
0.070778112,,
0.085596471,,
0.091522877,,
0.077027118,,
0.088728445,,
0.059100777,,
0.061577297,,
0.085517325,,
0.018157931,,
0.053059606,,
0.074658367,,
0.016285009,,
0.052324499,,
0.065637984,,
0.021519981,,
0.057970572,,
0.071695066,,
0.047172726,,
0.063856945,,
0.074059798,,
0.091428932,,
0.0727218,,
0.077733108,,
0.126866209,,
0.067323279,,
0.082795344,,
0.117314005,,
0.267634446,,
0.115501581,,
0.0617534,,
0.207368554,,
0.085300038,,
0.065914486,,
0.184775175,,
0.077316208,,
0.063997215,,
0.210336216,,
0.080246092,,
0.0635077,,
0.227864083,,
0.089581999,,
0.060142674,,
0.149855491,,
0.217356035,,
0.117579301,,
0.074774708,,
0.139091121,,
0.093873898,,
0.17318696,,
0.080324298,,
0.201597263,,
0.066239893,,
0.061518393,,
0.22661299,,
0.084913907,,
0.068540645,,
0.111200661,,
0.246011546,,
0.087555066,,
0.126148886,,
0.050885505,,
0.061740491,,
0.065676109,,
0.061188877,,
0.076159409,,
0.062006545,,
0.050311228,,
0.079806818,,
0.081750648,,
0.04865633,,
0.081287954,,
0.033543748,,
0.063504662,,
0.061237973,,
0.032143808,,
0.060740522,,
0.070208729,,
0.060429394,,
0.07458722,,
0.082732075,,
0.082529665,,
0.074744824,,
0.082532093,,
0.117248583,,
0.050864009,,
0.072618486,,
0.249487946,,
0.086188503,,
0.260100084,,
0.117352484,,
0.154391578,,
0.051889503,,
0.052496143,,
0.049753929,,
0.061972157,,
0.062501335,,
0.011593034,,
0.076378415,,
0.065650154,,
0.057542827,,
0.065610336,,
0.056586532,,
0.133132059,,
0.053485462,,
0.063363958,,
0.258054576,,
0.107285533,,
0.109597241,,
0.174999006,,
0.125313358,,
0.151160359,,
0.080612839,,
0.068552534,,
0.102489465,,
0.07764904,,
0.075159539,,
0.06711584,,
0.080176928,,
0.074749334,,
0.051354642,,
0.084584546,,
0.067224041,,
0.063727719,,
0.096054768,,
0.074726663,,
0.129821387,,
0.099230796,,
0.060170415,,
0.13864225,,
0.070341648,,
0.12104918,,
0.09811167,,
0.049030997,,
0.056248849,,
0.060246961,,
0.024733521,,
0.061551812,,
0.069863823,,
0.057827128,,
0.066421068,,
0.073732392,,
0.147693513,,
0.054406058,,
0.048589857,,
0.131388838,,
0.13263554,,
0.072772794,,
0.050675879,,
0.09561652,,
0.093568617,,
0.069576832,,
0.052442348,,
0.096971736,,
0.08517672,,
0.120061423,,
0.088884681,,
0.075331331,,
0.086264219,,
0.145550778,,
0.076148605,,
0.047034533,,
0.087718305,,
0.101245662,,
0.040620131,,
0.052674333,,
0.052556019,,
0.209685033,,
0.035174286,,
0.062745419,,
0.070156797,,
0.139045439,,
0.044975924,,
0.077680988,,
0.30979071,,
0.152832041,,
0.097732121,,
0.150959223,,
0.076941743,,
0.053335881,,
0.097492382,,
0.083653839,,
0.118452958,,
0.070592155,,
0.073795832,,
0.08488628,,
0.096580724,,
0.147997203,,
0.053277132,,
0.038824267,,
0.054548422,,
0.047889416,,
0.058351998,,
0.217214872,,
0.061073011,,
0.068208206,,
0.117126625,,
0.064279974,,
0.116157578,,
0.089762127,,
0.086094959,,
0.099485498,,
0.113019034,,
0.061659191,,
0.071753101,,
0.242732982,,
0.074320668,,
0.133000667,,
0.086373926,,
0.058367155,,
0.063249828,,
0.063457619,,
0.05561855,,
0.056338533,,
0.121850866,,
0.105237704,,
0.082800321,,
0.099513918,,
0.102510986,,
0.092488344,,
0.097457795,,
0.210027262,,
0.095788052,,
0.083639376,,
0.152938056,,
0.035136979,,
0.058674295,,
0.038719785,,
0.049965657,,
0.057400683,,
0.144574211,,
0.031890949,,
0.055466145,,
0.138029857,,
0.064270905,,
0.077578708,,
0.089964969,,
0.091940068,,
0.096532375,,
0.114834856,,
0.069171836,,
0.109246269,,
0.090455111,,
0.058237607,,
0.062258665,,
0.061911283,,
0.059392496,,
0.057726052,,
0.050619962,,
0.102267624,,
0.084498719,,
0.080018549,,
0.082316952,,
0.086581569,,
0.070472109,,
0.106341318,,
0.1511584,,
0.198549519,,
0.068220502,,
0.096443027,,
0.043867549,,
0.05583075,,
0.052957908,,
0.094326122,,
0.058534021,,
0.051436413,,
0.093916992,,
0.082209668,,
0.080224269,,
0.072504753,,
0.073941474,,
0.093451669,,
0.201202038,,
0.110111237,,
0.091856105,,
0.221382837,,
0.053177477,,
0.103402837,,
0.056355162,,
0.047241582,,
0.054757557,,
0.168695839,,
0.071815795,,
0.056533985,,
0.121674666,,
0.086952916,,
0.077214218,,
0.057311469,,
0.071848374,,
0.076844972,,
0.18683386,,
0.076408385,,
0.067611403,,
0.183425955,,
0.068944615,,
0.081210114,,
0.040557672,,
0.072319479,,
0.06344507,,
0.200322626,,
0.09445467,,
0.073923721,,
0.15289944,,
0.094246786,,
0.076836324,,
0.030414807,,
0.072893799,,
0.074830494,,
0.190036471,,
0.082198087,,
0.054250345,,
0.195258709,,
0.051910742,,
0.085715561,,
0.05252319,,
0.05353403,,
0.046074147,,
0.183343144,,
0.067508238,,
0.078087679,,
0.13138098,,
0.084088445,,
0.084952372,,
0.047840373,,
0.071753511,,
0.081403875,,
0.175104743,,
0.082944994,,
0.071039442,,
0.194846271,,
0.053573344,,
0.094461654,,
0.048453644,,
0.059191863,,
0.04745913,,
0.118641534,,
0.053295868,,
0.060147512,,
0.099128362,,
0.082782466,,
0.08682053,,
0.078351771,,
0.072169309,,
0.09237226,,
0.201386128,,
0.098539902,,
0.079184068,,
0.105886846,,
0.067929434,,
0.057645554,,
0.049498759,,
0.067373663,,
0.053265276,,
0.040910736,,
0.103627645,,
0.089651427,,
0.079901433,,
0.087146847,,
0.079978125,,
0.093937832,,
0.073982496,,
0.096763161,,
0.140272299,,
0.138100443,,
0.032838949,,
0.043552642,,
0.027531598,,
0.058332954,,
0.052859001,,
0.146878859,,
0.037778002,,
0.036230541,,
0.147605079,,
0.076431935,,
0.073575358,,
0.088648986,,
0.09398437,,
0.089225442,,
0.103109644,,
0.063791994,,
0.100704408,,
0.235837894,,
0.096878643,,
0.086795427,,
0.084124918,,
0.065119031,,
0.066555725,,
0.079115599,,
0.055026694,,
0.062166046,,
0.132314717,,
0.110171822,,
0.082673774,,
0.093567918,,
0.099960708,,
0.088128479,,
0.097160653,,
0.211660808,,
0.105451503,,
0.087554207,,
0.1616627,,
0.044292414,,
0.04311835,,
0.067944686,,
0.047479516,,
0.0674648,,
0.233399136,,
0.068106232,,
0.065466705,,
0.112483414,,
0.058986105,,
0.120683941,,
0.084003383,,
0.083577804,,
0.100748249,,
0.122675756,,
0.055630481,,
0.079842787,,
0.098450359,,
0.086625033,,
0.04653284,,
0.057568219,,
0.059669443,,
0.203206462,,
0.053064138,,
0.070606811,,
0.073068959,,
0.127582376,,
0.050337299,,
0.084884085,,
0.263894447,,
0.116437858,,
0.105052939,,
0.142639655,,
0.092634484,,
0.061439186,,
0.09888817,,
0.082174263,,
0.120488904,,
0.072999358,,
0.070912321,,
0.084149076,,
0.091266638,,
0.105240889,,
0.075974268,,
0.042589853,,
0.063520148,,
0.063479261,,
0.027043584,,
0.06357805,,
0.069481207,,
0.060927846,,
0.062931132,,
0.072849889,,
0.141425763,,
0.045147901,,
0.055030518,,
0.127928078,,
0.147313844,,
0.075514182,,
0.035151393,,
0.097611576,,
0.090492009,,
0.066255861,,
0.060123196,,
0.096038975,,
0.079584398,,
0.121902446,,
0.092250573,,
0.070350146,,
0.08489863,,
0.153134052,,
0.067714061,,
0.035395201,,
0.270968937,,
0.131196693,,
0.149931765,,
0.045506318,,
0.042814299,,
0.060252658,,
0.069142442,,
0.061991207,,
0.012297689,,
0.071771585,,
0.067098714,,
0.04691303,,
0.069903091,,
0.0553765,,
0.127249363,,
0.067456754,,
0.063766116,,
0.259194699,,
0.106418314,,
0.099933632,,
0.175175292,,
0.132003716,,
0.156103355,,
0.094992493,,
0.070598593,,
0.09099437,,
0.075895611,,
0.070909146,,
0.061027462,,
0.076807251,,
0.070195717,,
0.058114254,,
0.086699328,,
0.067082365,,
0.053865829,,
0.092534167,,
0.068990076,,
0.129231439,,
0.090342421,,
0.050032689,,
0.138188496,,
0.062961978,,
0.270344756,,
0.127021871,,
0.123636297,,
0.07185646,,
0.067602076,,
0.069391918,,
0.069188492,,
0.06468094,,
0.06898558,,
0.057709714,,
0.049461948,,
0.091412985,,
0.041633099,,
0.066554686,,
0.048071639,,
0.072942051,,
0.066241122,,
0.040480906,,
0.068426822,,
0.071673954,,
0.066580914,,
0.078479427,,
0.08805348,,
0.079328318,,
0.074684683,,
0.085212141,,
0.114785326,,
0.057136952,,
0.081758321,,
0.259063005,,
0.100954145,,
0.137651119,,
0.229323313,,
0.121032912,,
0.039773481,,
0.160142493,,
0.071556275,,
0.16441301,,
0.072873789,,
0.18186796,,
0.053813161,,
0.064217585,,
0.203747781,,
0.091154554,,
0.073322635,,
0.122200977,,
0.059906249,,
0.06282734,,
0.069197081,,
0.053808975,,
0.079034313,,
0.044183412,,
0.043385683,,
0.040136645,,
0.043285258,,
0.040420538,,
0.109684295,,
0.041416177,,
0.061525661,,
0.067221289,,
0.116534582,,
0.137287223,,
0.053095618,,
0.041367586,,
0.0696039,,
0.015736426,,
0.03452635,,
0.04505083,,
0.072292779,,
0.047532023,,
0.091138258,,
0.144601124,,
0.127069797,,
0.142798612,,
0.12234791,,
0.179157913,,
0.037218804,,
0.057481588,,
0.065371156,,
0.113352051,,
0.019985742,,
0.053275286,,
0.060786749,,
0.212423823,,
0.044300328,,
0.077695839,,
0.083895983,,
0.164069619,,
0.145185638,,
0.165449475,,
0.105201959,,
0.050821858,,
0.066228747,,
0.053341312,,
0.041095041,,
0.047420611,,
0.060891886,,
0.059508277,,
0.09643278,,
0.068124323,,
0.079142577,,
0.060868533,,
0.160299012,,
0.068077055,,
0.075060553,,
0.077502773,,
0.025565229,,
0.052620348,,
0.061347051,,
0.052329447,,
0.072107108,,
0.077271742,,
0.140343221,,
0.088935806,,
0.083551346,,
0.074916556,,
0.040106014,,
0.045536002,,
0.065518761,,
0.07134719,,
0.116387412,,
0.073184048,,
0.084223362,,
0.086655342,,
0.08470532,,
0.083625924,,
0.094206839,,
0.035104229,,
0.067208825,,
0.078245075,,
0.075153297,,
0.08331686,,
0.095833631,,
0.093293429,,
0.072891986,,
0.093778501,,
0.008076617,,
0.060335113,,
0.077920984,,
0.083079086,,
0.106521435,,
0.075380556,,
0.090870204,,
0.051410735,,
0.067013268,,
0.087002587,,
0.045192498,,
0.065406,,
0.073462892,,
0.064483847,,
0.075264748,,
0.094371216,,
0.070774726,,
0.133180569,,
0.115566998,,
0.169158353,,
0.118797705,,
0.189270945,,
0.113994873,,
0.101542562,,
0.077258186,,
0.101328866,,
0.030713761,,
0.035635469,,
0.060491098,,
0.026329611,,
0.043917988,,
0.054788586,,
0.039128281,,
0.053874724,,
0.083181208,,
0.132621235,,
0.112331618,,
0.126649694,,
0.189829009,,
0.155497466,,
0.13306837,,
0.136722887,,
0.090887741,,
0.065013261,,
0.07038598,,
0.10169385,,
0.043913802,,
0.056017928,,
0.062317905,,
0.050261975,,
0.076336766,,
0.166885514,,
0.045998609,,
0.069460433,,
0.061189745,,
0.11463377,,
0.069188728,,
0.065196013,,
0.041632128,,
0.082218522,,
0.078032963,,
0.074526005,,
0.144348519,,
0.080377361,,
0.08383191,,
0.081309036,,
0.071018447,,
0.076658582,,
0.092033932,,
0.1034734,,
0.064254517,,
0.092873353,,
0.06456461,,
0.080384743,,
0.098993524,,
0.042444897,,
0.045156529,,
0.06733107,,
0.029160266,,
0.028600986,,
0.04474765,,
0.013816134,,
0.034206971,,
0.045814562,,
0.0287645,,
0.035614417,,
0.060393454,,
0.037904619,,
0.0533769,,
0.079321562,,
0.05768421,,
0.079277835,,
0.104295386,,
0.094828061,,
0.069999426,,
0.101263595,,
0.070736007,,
0.083223703,,
0.102929882,,
0.148667607,,
0.08180112,,
0.086141376,,
0.085422701,,
0.060749128,,
0.078836425,,
0.085345678,,
0.106902833,,
0.055156307,,
0.07496047,,
0.065863812,,
0.190800491,,
0.055012147,,
0.068157885,,
0.067127601,,
0.069909269,,
0.054922742,,
0.085589028,,
0.112132478,,
0.036825093,,
0.069813984,,
0.062682352,,
0.037055553,,
0.030936952,,
0.030456139,,
0.046836121,,
0.131200437,,
0.005261509,,
0.04467644,,
0.053353027,,
0.095753328,,
0.03880711,,
0.060485813,,
0.067990125,,
0.046518139,,
0.051246541,,
0.061830116,,
0.061425628,,
0.018380155,,
0.053447438,,
0.064709635,,
0.040873584,,
0.04743028,,
0.06843768,,
0.072683869,,
0.019889101,,
0.061692175,,
0.077438969,,
0.021752944,,
0.0498143,,
0.07139684,,
0.080875852,,
0.039808676,,
0.057985475,,
0.06846761,,
0.025009819,,
0.044827924,,
0.056314861,,
0.016191245,,
0.028819993,,
0.039688803,,
0.016230264,,
0.031636277,,
0.038490885,,
0.021055496,,
0.033230779,,
0.040550618,,
0.020272385,,
0.043399259,,
0.056840455,,
0.031826958,,
0.059655136,,
0.073903819,,
0.026598524,,
0.057619279,,
0.080971295,,
0.090816949,,
0.029291458,,
0.07477829,,
0.089250271,,
0.044590259,,
0.045014829,,
0.070741383,,
0.077326208,,
0.033183172,,
0.063839417,,
0.067897407,,
0.062046557,,
0.043167364,,
0.056586538,,
0.057947413,,
0.099024448,,
0.025634837,,
0.056682834,,
0.050881542,,
0.016930352,,
0.041137166,,
0.059749999,,
0.04379881,,
0.032895564,,
0.045469471,,
0.164445036,,
0.074174663,,
0.083138526,,
0.116934781,,
0.042579945,,
0.059666654,,
0.048942726,,
0.045736688,,
0.067280467,,
0.171180044,,
0.031813642,,
0.046690337,,
0.067545034,,
0.102335424,,
0.046468977,,
0.064878335,,
0.05921113,,
0.067805191,,
0.078671347,,
0.08146567,,
0.127220888,,
0.076455391,,
0.081781685,,
0.077106822,,
0.066561642,,
0.066197601,,
0.083589965,,
0.11787562,,
0.061944622,,
0.082073233,,
0.057793327,,
0.065923184,,
0.081802877,,
0.040483173,,
0.040761154,,
0.064618757,,
0.033317074,,
0.033311737,,
0.047251209,,
0.017742753,,
0.030904345,,
0.039088347,,
0.033802362,,
0.032078621,,
0.051621093,,
0.031584619,,
0.04202203,,
0.069707177,,
0.059666678,,
0.075371937,,
0.096121712,,
0.108597057,,
0.074695458,,
0.09959918,,
0.063753152,,
0.081932358,,
0.103489115,,
0.151435712,,
0.070438827,,
0.084120732,,
0.091110541,,
0.079764806,,
0.071911852,,
0.075400118,,
0.109746678,,
0.049732781,,
0.062133273,,
0.052507219,,
0.177716173,,
0.040530309,,
0.046265025,,
0.054794354,,
0.05002562,,
0.043120066,,
0.075867703,,
0.087826702,,
0.038082658,,
0.046313866,,
0.086098674,,
0.073617225,,
0.139597406,,
0.084654026,,
0.147539638,,
0.107275004,,
0.191304694,,
0.082628817,,
0.075714067,,
0.103772842,,
0.037320737,,
0.03746774,,
0.068147596,,
0.019799241,,
0.03547821,,
0.043984178,,
0.031233762,,
0.042911975,,
0.073854764,,
0.095534671,,
0.080935644,,
0.109438959,,
0.167384238,,
0.137503477,,
0.125027925,,
0.133123497,,
0.104925118,,
0.043933176,,
0.060174215,,
0.081416316,,
0.102942935,,
0.032185671,,
0.061190384,,
0.073581236,,
0.068300182,,
0.084262956,,
0.102796739,,
0.120822228,,
0.077834275,,
0.100880713,,
0.02435305,,
0.051074601,,
0.074814929,,
0.084284971,,
0.097409186,,
0.087730241,,
0.106194116,,
0.086486598,,
0.082010382,,
0.09157547,,
0.02016666,,
0.061144656,,
0.074054164,,
0.082385527,,
0.081324948,,
0.099051761,,
0.131836995,,
0.080417558,,
0.081706133,,
0.082106584,,
0.031100405,,
0.046221477,,
0.06200197,,
0.065639432,,
0.126965672,,
0.070139036,,
0.078178881,,
0.08016047,,
0.05151437,,
0.068041257,,
0.078392546,,
0.019401958,,
0.05537022,,
0.067294178,,
0.067881238,,
0.065815872,,
0.071048033,,
0.126147219,,
0.125396029,,
0.04721452,,
0.069625758,,
0.065455767,,
0.060873361,,
0.03590526,,
0.056707917,,
0.069544915,,
0.117829464,,
0.053950205,,
0.059599455,,
0.051577424,,
0.164448202,,
0.118042061,,
0.122098641,,
0.185853869,,
0.052518691,,
0.066070206,,
0.075538335,,
0.0923596,,
0.023414107,,
0.053767169,,
0.063681948,,
0.18514355,,
0.037788751,,
0.049521232,,
0.058281267,,
0.113600211,,
0.091839954,,
0.121201849,,
0.141248881,,
0.057688581,,
0.072291921,,
0.085539807,,
0.019304559,,
0.043134469,,
0.067382805,,
0.05215751,,
0.050404038,,
0.080748895,,
0.122715409,,
0.073848309,,
0.090076746,,
0.113512461,,
0.049570784,,
0.087065476,,
0.063141581,,
0.038287654,,
0.052475952,,
0.147239351,,
0.10372472,,
0.046320728,,
0.071417125,,
0.062556543,,
0.055099751,,
0.045260706,,
0.071378365,,
0.157418254,,
0.113176106,,
0.104188499,,
0.160156411,,
0.123434882,,
0.073483727,,
0.179181648,,
0.162274151,,
0.056138192,,
0.149406456,,
0.128669157,,
0.058619831,,
0.122070664,,
0.136939236,,
0.061123975,,
0.109039961,,
0.111651226,,
0.057514176,,
0.084745192,,
0.125154053,,
0.051978374,,
0.093593481,,
0.131722463,,
0.068895094,,
0.097357514,,
0.168437137,,
0.0775357,,
0.15578263,,
0.070957701,,
0.183903615,,
0.115052621,,
0.210954524,,
0.082995363,,
0.148923892,,
0.161853348,,
0.067908882,,
0.094765263,,
0.122954227,,
0.059410013,,
0.062407983,,
0.215662297,,
0.103128629,,
0.05219939,,
0.068404915,,
0.163171672,,
0.113807693,,
0.055609784,,
0.074457925,,
0.13085419,,
0.15438825,,
0.045955816,,
0.084563759,,
0.110164798,,
0.121258054,,
0.045747117,,
0.079410574,,
0.105962538,,
0.092860203,,
0.04901331,,
0.090512066,,
0.122780701,,
0.095157241,,
0.047290589,,
0.087630306,,
0.128431709,,
0.114954977,,
0.05266672,,
0.076840171,,
0.127951721,,
0.117934234,,
0.059757635,,
0.065167188,,
0.183067637,,
0.127606922,,
0.061324607,,
0.083749892,,
0.174546405,,
0.082195697,,
0.116573008,,
0.082593121,,
0.136057817,,
0.108343237,,
0.080304021,,
0.103647281,,
0.075155085,,
0.072408927,,
0.143566424,,
0.102493554,,
0.053925367,,
0.063624688,,
0.081731587,,
0.121811102,,
0.032818132,,
0.064079335,,
0.073007923,,
0.133264285,,
0.033244498,,
0.064683796,,
0.082627077,,
0.121883137,,
0.058766825,,
0.076108579,,
0.089209962,,
0.101417216,,
0.054745236,,
0.060336156,,
0.077151451,,
0.084219603,,
0.066382325,,
0.073108508,,
0.070936847,,
0.086817503,,
0.036461274,,
0.070507529,,
0.086953534,,
0.096885518,,
0.039995911,,
0.07148604,,
0.077056466,,
0.081074185,,
0.047370988,,
0.069237863,,
0.066152687,,
0.099597939,,
0.132593804,,
0.041751629,,
0.072284295,,
0.087111571,,
0.143093642,,
0.10061244,,
0.050825856,,
0.065111381,,
0.116344872,,
0.087368702,,
0.073151483,,
0.053578725,,
0.122469477,,
0.15434271,,
0.095897904,,
0.056328868,,
0.112317729,,
0.106453604,,
0.137455981,,
0.088443297,,
0.041553852,,
0.092728324,,
0.065101061,,
0.04814575,,
0.065516604,,
0.108746049,,
0.045185582,,
0.065256206,,
0.072183307,,
0.038946106,,
0.077645205,,
0.103898097,,
0.104679312,,
0.060752268,,
0.067264915,,
0.091236376,,
0.111104403,,
0.084065358,,
0.061123491,,
0.087386279,,
0.101408147,,
0.121770341,,
0.079378976,,
0.094575958,,
0.095046899,,
0.103323936,,
0.070007763,,
0.089954265,,
0.087686954,,
0.088253587,,
0.070345522,,
0.08320486,,
0.067941963,,
0.082895312,,
0.068277508,,
0.075535263,,
0.088173551,,
0.08773851,,
0.071610449,,
0.089810937,,
0.086401078,,
0.092855175,,
0.082618788,,
0.07940359,,
0.091312375,,
0.095352171,,
0.115611296,,
0.063218791,,
0.063796976,,
0.088643761,,
0.110269309,,
0.030946716,,
0.064446361,,
0.085233113,,
0.101743817,,
0.109928367,,
0.0507336,,
0.078193927,,
0.078767869,,
0.088696691,,
0.061975272,,
0.072879496,,
0.08799799,,
0.143393921,,
0.093607767,,
0.053987484,,
0.094310539,,
0.134867152,,
0.085838374,,
0.052442291,,
0.099711696,,
0.063581023,,
0.053559859,,
0.054441254,,
0.125440491,,
0.041005758,,
0.073236759,,
0.066003587,,
0.055735247,,
0.068865267,,
0.081384622,,
0.097578677,,
0.100670029,,
0.101928229,,
0.07060843,,
0.110944462,,
0.121225386,,
0.048232374,,
0.083448251,,
0.105948718,,
0.118912532,,
0.06262393,,
0.075560613,,
0.097074003,,
0.106794944,,
0.081730428,,
0.082778248,,
0.098931778,,
0.099075759,,
0.07936189,,
0.094951538,,
0.087882211,,
0.068601361,,
0.075599835,,
0.062728769,,
0.049716079,,
0.084792333,,
0.086333239,,
0.077013047,,
0.086456408,,
0.089077879,,
0.092718144,,
0.0908828,,
0.084249151,,
0.088360114,,
0.09911391,,
0.056121579,,
0.075983743,,
0.105473967,,
0.124136301,,
0.086828075,,
0.060413249,,
0.098662876,,
0.123562712,,
0.066849179,,
0.089687642,,
0.101019248,,
0.104703607,,
0.119203971,,
0.033829468,,
0.059412816,,
0.074563216,,
0.072051565,,
0.10927197,,
0.076381532,,
0.052002515,,
0.082748161,,
0.158310887,,
0.11587599,,
0.076067102,,
0.163530523,,
0.091215551,,
0.144917161,,
0.090509306,,
0.076218055,,
0.059797601,,
0.111736344,,
0.126507247,,
0.049875851,,
0.071396605,,
0.081191329,,
0.064201288,,
0.075913479,,
0.091638517,,
0.103138354,,
0.11305734,,
0.059227681,,
0.101178858,,
0.12379854,,
0.125815467,,
0.042290863,,
0.083275169,,
0.110599011,,
0.12510629,,
0.065380381,,
0.090477295,,
0.107971276,,
0.069053706,,
0.085771452,,
0.095559739,,
0.104841751,,
0.060687114,,
0.069346178,,
0.080560298,,
0.090138911,,
0.067730422,,
0.057703165,,
0.072577166,,
0.074059417,,
0.062497475,,
0.04663921,,
0.054400697,,
0.051084367,,
0.066053095,,
0.052925827,,
0.067657019,,
0.070859275,,
0.059908739,,
0.065074924,,
0.080295212,,
0.08895444,,
0.056295169,,
0.068979487,,
0.087080469,,
0.103915966,,
0.057805657,,
0.093146603,,
0.117455265,,
0.044404039,,
0.094946484,,
0.127409259,,
0.146708243,,
0.111633095,,
0.079914795,,
0.113878508,,
0.126687248,,
0.127367321,,
0.069420152,,
0.069862253,,
0.090228017,,
0.101774311,,
0.121710506,,
0.046835113,,
0.055762956,,
0.077173907,,
0.117888609,,
0.071279565,,
0.064281805,,
0.132420857,,
0.200784582,,
0.082956994,,
0.134355139,,
0.125313323,,
0.140978272,,
0.075199127,,
0.111934163,,
0.088858703,,
0.059289265,,
0.070733134,,
0.141894464,,
0.04369801,,
0.057543009,,
0.085403787,,
0.11645791,,
0.108519363,,
0.065227517,,
0.095240858,,
0.126565311,,
0.046216943,,
0.086400305,,
0.11593215,,
0.137278348,,
0.053757948,,
0.088566476,,
0.112701405,,
0.040004628,,
0.071394104,,
0.090877166,,
0.106748459,,
0.049605042,,
0.050733595,,
0.064821367,,
0.085180413,,
0.024027487,,
0.044534387,,
0.066750359,,
0.024690486,,
0.046673829,,
0.057089777,,
0.026734589,,
0.039405078,,
0.044732933,,
0.023718714,,
0.035601305,,
0.050839293,,
0.033256221,,
0.051747467,,
0.066545074,,
0.033866091,,
0.041352089,,
0.062751542,,
0.082477513,,
0.038917413,,
0.063577018,,
0.089268686,,
0.105889084,,
0.063090373,,
0.09867458,,
0.116370032,,
0.068466243,,
0.104413858,,
0.118070354,,
0.127822888,,
0.122672689,,
0.09699181,,
0.101610048,,
0.112717239,,
0.057410583,,
0.071812213,,
0.083222948,,
0.099824434,,
0.101831013,,
0.046358021,,
0.060918344,,
0.089773073,,
0.153660474,,
0.056512252,,
0.067770482,,
0.124020422,,
0.074062094,,
0.200738101,,
0.114936503,,
0.065598017,,
0.067626681,,
0.233476896,,
0.127502992,,
0.042032324,,
0.061746581,,
0.08300296,,
0.168181787,,
0.068036538,,
0.06365918,,
0.087347317,,
0.10620019,,
0.073570463,,
0.093430183,,
0.110367558,,
0.125913483,,
0.083667169,,
0.098425812,,
0.116839487,,
0.047944873,,
0.075452785,,
0.100050278,,
0.117329852,,
0.031876062,,
0.042838982,,
0.074815636,,
0.096024095,,
0.021855952,,
0.048746857,,
0.072290101,,
0.014235357,,
0.036954495,,
0.054173071,,
0.021317263,,
0.038758708,,
0.048824648,,
0.054871937,,
0.028595131,,
0.03186381,,
0.039020038,,
0.047985672,,
0.027893776,,
0.035414493,,
0.043609829,,
0.051177296,,
0.034066558,,
0.044383717,,
0.059456626,,
0.027532718,,
0.046764647,,
0.069758408,,
0.036886784,,
0.036040635,,
0.05884286,,
0.079384658,,
0.040785745,,
0.063108518,,
0.081951457,,
0.099702952,,
0.084508809,,
0.094780344,,
0.106607997,,
0.076951932,,
0.093606035,,
0.106981851,,
0.124692916,,
0.04969946,,
0.060670117,,
0.086464437,,
0.104516606,,
0.114339044,,
0.064251986,,
0.081762021,,
0.07223498,,
0.126369134,,
0.133070881,,
0.06278502,,
0.068532769,,
0.191742048,,
0.088397396,,
0.171382225,,
0.16904532,,
0.077474566,,
0.14263016,,
0.112188443,,
0.057620213,,
0.071102537,,
0.156573182,,
0.039426017,,
0.079390249,,
0.079716062,,
0.104135442,,
0.072530226,,
0.081697572,,
0.101464248,,
0.097473929,,
0.11435078,,
0.084241351,,
0.096852179,,
0.097838147,,
0.103336835,,
0.075819088,,
0.091928448,,
0.099772527,,
0.10649624,,
0.042597291,,
0.071119861,,
0.081562455,,
0.091665893,,
0.023046929,,
0.05452329,,
0.075630875,,
0.015971461,,
0.044021562,,
0.06133711,,
0.011162909,,
0.033840901,,
0.047768275,,
0.057868333,,
0.031822655,,
0.030355431,,
0.043779187,,
0.051698852,,
0.044115555,,
0.034152937,,
0.037922859,,
0.046402704,,
0.034571354,,
0.037947901,,
0.044252867,,
0.045805834,,
0.040112254,,
0.045097349,,
0.055582761,,
0.059574358,,
0.020251881,,
0.041680749,,
0.05834626,,
0.032572277,,
0.047656986,,
0.062382912,,
0.059493306,,
0.056635515,,
0.072779304,,
0.082611797,,
0.086056347,,
0.085226976,,
0.093900161,,
0.103504047,,
0.061081367,,
0.086430325,,
0.101294007,,
0.110014672,,
0.078302449,,
0.051213885,,
0.094080058,,
0.107671348,,
0.11612689,,
0.042212138,,
0.073305308,,
0.089673808,,
0.102264375,,
0.122083028,,
0.048803394,,
0.08057873,,
0.165753572,,
0.201722466,,
0.064697376,,
0.148847203,,
0.19007456,,
0.159320078,,
0.056521014,,
0.130279256,,
0.10742452,,
0.04028896,,
0.078473444,,
0.137072774,,
0.039609357,,
0.070019816,,
0.08589494,,
0.09517525,,
0.075888417,,
0.085524297,,
0.095373803,,
0.109687335,,
0.108967235,,
0.079305621,,
0.087015617,,
0.096109445,,
0.047124262,,
0.069107145,,
0.083294124,,
0.090948018,,
0.044645007,,
0.057082673,,
0.068292856,,
0.016392988,,
0.03586041,,
0.056107816,,
0.010926989,,
0.033095291,,
0.04730938,,
0.059427031,,
0.01744568,,
0.031939274,,
0.046907689,,
0.022159488,,
0.035531129,,
0.044293304,,
0.02946201,,
0.04164514,,
0.043750863,,
0.028513454,,
0.037559655,,
0.044432874,,
0.034974057,,
0.039884075,,
0.050114503,,
0.016032105,,
0.032855071,,
0.044528676,,
0.058529929,,
0.02263432,,
0.040417111,,
0.051899235,,
0.041199158,,
0.05981083,,
0.069823646,,
0.047585166,,
0.057463551,,
0.076241171,,
0.086061385,,
0.060628634,,
0.061099582,,
0.086786453,,
0.094745688,,
0.057098545,,
0.087923834,,
0.101812971,,
0.111085282,,
0.04476031,,
0.077923183,,
0.085913062,,
0.110706188,,
0.121345651,,
0.035254783,,
0.064533615,,
0.111376473,,
0.157439523,,
0.055779886,,
0.122732637,,
0.18488325,,
0.157655922,,
0.141114631,,
0.075736309,,
0.085525694,,
0.110598247,,
0.042766985,,
0.079983943,,
0.112534171,,
0.053008206,,
0.065210742,,
0.087129143,,
0.091049556,,
0.080337421,,
0.074083353,,
0.088757764,,
0.095611308,,
0.063339135,,
0.077773937,,
0.084556656,,
0.047574299,,
0.046167052,,
0.067204034,,
0.076287785,,
0.023126697,,
0.042484064,,
0.057570775,,
0.018690386,,
0.030664554,,
0.051592685,,
0.061008474,,
0.038782042,,
0.032784671,,
0.043167747,,
0.050118216,,
0.020384658,,
0.037301872,,
0.046132528,,
0.025644149,,
0.03662126,,
0.044437329,,
0.031442779,,
0.042210453,,
0.046161711,,
0.030799064,,
0.035524673,,
0.045641751,,
0.028624807,,
0.036019771,,
0.042612722,,
0.04965446,,
0.025335811,,
0.04450202,,
0.055754001,,
0.030462126,,
0.037906814,,
0.051751037,,
0.062701472,,
0.036884239,,
0.049186299,,
0.05641603,,
0.060039192,,
0.046694908,,
0.055650817,,
0.067460518,,
0.061664526,,
0.073266817,,
0.075092131,,
0.063912034,,
0.075678477,,
0.086493493,,
0.089579076,,
0.056682878,,
0.084901268,,
0.084784588,,
0.09136871,,
0.097878366,,
0.042988078,,
0.077520647,,
0.07565572,,
0.108011121,,
0.063666844,,
0.107672351,,
0.14845059,,
0.132504727,,
0.135315117,,
0.071767174,,
0.084776104,,
0.131242334,,
0.038618413,,
0.079058618,,
0.111828461,,
0.056847668,,
0.081244701,,
0.086438691,,
0.069403584,,
0.068464284,,
0.081743567,,
0.077836481,,
0.074466082,,
0.068241917,,
0.07592567,,
0.06693113,,
0.069318405,,
0.053237875,,
0.056225409,,
0.055865031,,
0.039550579,,
0.047383869,,
0.044441768,,
0.028821237,,
0.038853226,,
0.040949858,,
0.04983292,,
0.040777981,,
0.034737417,,
0.041549774,,
0.044084202,,
0.027181756,,
0.040227186,,
0.047133772,,
0.030126829,,
0.039920592,,
0.046896852,,
0.034997711,,
0.041862183,,
0.048184092,,
0.024860964,,
0.039812524,,
0.050258304,,
0.025145995,,
0.03880275,,
0.044383657,,
0.052867008,,
0.030114953,,
0.036616357,,
0.04695329,,
0.026820143,,
0.036547949,,
0.044707261,,
0.050008665,,
0.038463973,,
0.047131622,,
0.046941958,,
0.052017552,,
0.044005415,,
0.050931893,,
0.053973433,,
0.07133898,,
0.070783625,,
0.062347461,,
0.063880747,,
0.081012098,,
0.069439063,,
0.067210725,,
0.052399333,,
0.072961489,,
0.084670124,,
0.075451055,,
0.127511317,,
0.037280377,,
0.084756497,,
0.093552555,,
0.132468226,,
0.054816228,,
0.097544208,,
0.117900392,,
0.137683509,,
0.129204379,,
0.047417331,,
0.097358847,,
0.116028574,,
0.040843825,,
0.081695305,,
0.109412437,,
0.029125349,,
0.073952548,,
0.079329309,,
0.085494771,,
0.05865404,,
0.078283523,,
0.08702053,,
0.090887651,,
0.074896459,,
0.078311464,,
0.078765711,,
0.0546243,,
0.048807903,,
0.062190849,,
0.068501747,,
0.024521713,,
0.043981531,,
0.0599066,,
0.027371804,,
0.038685619,,
0.046782808,,
0.054018585,,
0.04201789,,
0.041111704,,
0.04426362,,
0.047689978,,
0.035384082,,
0.039529872,,
0.044772952,,
0.030591931,,
0.036304081,,
0.043886615,,
0.028825667,,
0.041451365,,
0.04585753,,
0.022407166,,
0.037549164,,
0.045566371,,
0.02784096,,
0.037018724,,
0.042565138,,
0.036793095,,
0.02721951,,
0.034111264,,
0.040991006,,
0.013021551,,
0.020503627,,
0.042773762,,
0.055994304,,
0.041604303,,
0.037260158,,
0.051063178,,
0.041200473,,
0.052497078,,
0.062598684,,
0.063880933,,
0.062344742,,
0.08252231,,
0.088083459,,
0.074851242,,
0.083410735,,
0.085816626,,
0.076705869,,
0.054575146,,
0.064166698,,
0.081774386,,
0.081516988,,
0.157640186,,
0.042622701,,
0.070738949,,
0.106599882,,
0.167846305,,
0.070968963,,
0.080356256,,
0.131543699,,
0.197941638,,
0.139938527,,
0.049488234,,
0.107287252,,
0.113609102,,
0.04210529,,
0.075354485,,
0.130010495,,
0.048314652,,
0.074678111,,
0.085654562,,
0.108098495,,
0.070327507,,
0.086976855,,
0.094950298,,
0.102091725,,
0.06657194,,
0.079223235,,
0.093787151,,
0.095085687,,
0.042474535,,
0.063095892,,
0.080905469,,
0.082382598,,
0.025067699,,
0.055832,,
0.072254079,,
0.01464058,,
0.040071791,,
0.056096856,,
0.01742818,,
0.037323466,,
0.050205726,,
0.059724207,,
0.027186672,,
0.042730173,,
0.053193369,,
0.014246095,,
0.032019948,,
0.042884916,,
0.019573896,,
0.040409946,,
0.048339457,,
0.024732465,,
0.038684942,,
0.044256495,,
0.019634142,,
0.031788663,,
0.041366147,,
0.033995379,,
0.033308136,,
0.036355357,,
0.048777953,,
0.020939925,,
0.040833796,,
0.055225568,,
0.03293248,,
0.053666395,,
0.065180871,,
0.025964289,,
0.056992709,,
0.072819995,,
0.073907259,,
0.084182652,,
0.058482852,,
0.082206114,,
0.088699719,,
0.075465844,,
0.084228629,,
0.084815179,,
0.085723952,,
0.062765171,,
0.076772462,,
0.084078299,,
0.090864,,
0.113695224,,
0.049654814,,
0.089024128,,
0.14226774,,
0.146590236,,
0.068600969,,
0.143840777,,
0.225620759,,
0.1610959,,
0.067203597,,
0.163337301,,
0.124130108,,
0.056504359,,
0.072371637,,
0.17700279,,
0.052511363,,
0.092515651,,
0.085516404,,
0.105376666,,
0.089480028,,
0.081684046,,
0.09527429,,
0.091074518,,
0.103416758,,
0.064480098,,
0.085423604,,
0.09755666,,
0.102079704,,
0.057620261,,
0.078980507,,
0.089649752,,
0.092761073,,
0.057834969,,
0.045251592,,
0.062557245,,
0.081409981,,
0.026027377,,
0.045087487,,
0.067353726,,
0.021984206,,
0.049559163,,
0.062897126,,
0.03138997,,
0.041683168,,
0.058006491,,
0.064902215,,
0.043023458,,
0.022119105,,
0.036930663,,
0.051592284,,
0.04981873,,
0.031827589,,
0.034628089,,
0.038772062,,
0.044902278,,
0.039331786,,
0.042604671,,
0.043418001,,
0.018877668,,
0.031137694,,
0.043424627,,
0.053298032,,
0.019407413,,
0.043465413,,
0.060934476,,
0.021607705,,
0.052129832,,
0.075481973,,
0.035669248,,
0.041897071,,
0.064207762,,
0.078351226,,
0.051394331,,
0.072282095,,
0.081564258,,
0.093029021,,
0.052459715,,
0.080666759,,
0.088862393,,
0.099725126,,
0.058545274,,
0.075333675,,
0.089462875,,
0.090048776,,
0.111276246,,
0.044901752,,
0.084484387,,
0.086324967,,
0.110317285,,
0.098665077,,
0.041043498,,
0.089814697,,
0.175825376,,
0.145813751,,
0.065570143,,
0.183833957,,
0.058060839,,
0.171421923,,
0.151737303,,
0.053393311,,
0.061812515,,
0.196218338,,
0.144060022,,
0.045232619,,
0.081755168,,
0.086833679,,
0.118944322,,
0.063040804,,
0.0749549,,
0.096806937,,
0.109420461,,
0.051713414,,
0.07915738,,
0.104370161,,
0.118416979,,
0.045392183,,
0.078594963,,
0.102857442,,
0.024868075,,
0.050215781,,
0.078978676,,
0.103541313,,
0.034317538,,
0.041831568,,
0.060163462,,
0.082953266,,
0.03528609,,
0.055814258,,
0.068815566,,
0.03341317,,
0.049479331,,
0.060402606,,
0.031825837,,
0.028436823,,
0.045163339,,
0.055947367,,
0.032652362,,
0.033778049,,
0.038001203,,
0.048809331,,
0.038123069,,
0.040420662,,
0.047585341,,
0.056224039,,
0.026538161,,
0.045833291,,
0.063278924,,
0.021611646,,
0.061692893,,
0.087800269,,
0.041635723,,
0.034902887,,
0.075548626,,
0.101536399,,
0.049173004,,
0.065436714,,
0.08941384,,
0.106410002,,
0.073289707,,
0.09698588,,
0.111844757,,
0.073054744,,
0.087222935,,
0.103936486,,
0.123513708,,
0.058562818,,
0.075466376,,
0.085851265,,
0.102188676,,
0.118618328,,
0.036518419,,
0.061325022,,
0.081587624,,
0.155385032,,
0.124516952,,
0.05523114,,
0.056671047,,
0.193207105,,
0.083681916,,
0.179799067,,
0.085224573,,
0.158436378,,
0.060678166,,
0.047066341,,
0.082626788,,
0.043584926,,
0.06587669,,
0.104647172,,
0.041424065,,
0.081351945,,
0.102123452,,
0.119406522,,
0.088901886,,
0.073768508,,
0.100596086,,
0.116530598,,
0.036453769,,
0.076713429,,
0.104132948,,
0.126258716,,
0.051709224,,
0.089747881,,
0.115708108,,
0.059822271,,
0.069434195,,
0.089447982,,
0.107658793,,
0.057195731,,
0.047996274,,
0.067918653,,
0.082527076,,
0.030742088,,
0.05351051,,
0.066949818,,
0.009719498,,
0.031674625,,
0.052871118,,
0.013354335,,
0.030684476,,
0.045430954,,
0.026562003,,
0.039963,,
0.051905127,,
0.037115518,,
0.05646627,,
0.071120723,,
0.047367774,,
0.053219198,,
0.083314951,,
0.097386814,,
0.032995577,,
0.077820432,,
0.103026013,,
0.118482614,,
0.077176377,,
0.103914771,,
0.119711734,,
0.046044047,,
0.09802954,,
0.125121492,,
0.133312833,,
0.113596476,,
0.070862199,,
0.101420712,,
0.123246566,,
0.048510385,,
0.066555163,,
0.090292462,,
0.103827569,,
0.114526182,,
0.055597927,,
0.051218892,,
0.111191103,,
0.132759906,,
0.083110233,,
0.099717394,,
0.15247704,,
0.180868549,,
0.110922972,,
0.116304838,,
0.083810884,,
0.069334027,,
0.07678832,,
0.159802429,,
0.110888231,,
0.05078569,,
0.075506052,,
0.107948177,,
0.041482412,,
0.082305099,,
0.098124669,,
0.09113191,,
0.115677476,,
0.070198282,,
0.103443081,,
0.119784418,,
0.123243481,,
0.073950985,,
0.098813824,,
0.128472803,,
0.145015453,,
0.083264176,,
0.106057632,,
0.122333863,,
0.068472566,,
0.083629472,,
0.092951649,,
0.10556952,,
0.055020543,,
0.070413769,,
0.079086236,,
0.087911508,,
0.049959545,,
0.051257964,,
0.064677093,,
0.073698433,,
0.063586475,,
0.044060209,,
0.048616415,,
0.048759843,,
0.062692432,,
0.046577686,,
0.048785928,,
0.057047557,,
0.0609862,,
0.063603299,,
0.071989034,,
0.083046196,,
0.071454423,,
0.092129887,,
0.098802008,,
0.102897765,,
0.094329341,,
0.104932521,,
0.111870864,,
0.079277162,,
0.104602482,,
0.109377162,,
0.124223491,,
0.105303357,,
0.083037519,,
0.105659147,,
0.119173623,,
0.122443467,,
0.065374587,,
0.076590881,,
0.088562562,,
0.105186268,,
0.106674991,,
0.043324295,,
0.055969555,,
0.062534111,,
0.131315948,,
0.072561285,,
0.067881522,,
0.143827548,,
0.173955531,,
0.082008406,,
0.134187359,,
0.13545862,,
0.097849389,,
0.087004398,,
0.083508125,,
0.065951202,,
0.041690622,,
0.062190055,,
0.131175691,,
0.037141158,,
0.06903276,,
0.076452047,,
0.04777985,,
0.065221806,,
0.080967217,,
0.106774351,,
0.108862807,,
0.108666494,,
0.064085527,,
0.098217779,,
0.12335466,,
0.057199894,,
0.088098197,,
0.107056014,,
0.130247586,,
0.075117165,,
0.084604034,,
0.096894242,,
0.102775193,,
0.096288626,,
0.07672381,,
0.089312469,,
0.093124039,,
0.063091221,,
0.083211415,,
0.083632512,,
0.07201995,,
0.084104569,,
0.071595325,,
0.06503268,,
0.073435661,,
0.072376741,,
0.097218467,,
0.074593864,,
0.083354807,,
0.091540916,,
0.072103938,,
0.091152836,,
0.106603614,,
0.114003738,,
0.083975907,,
0.102082013,,
0.114475252,,
0.122450881,,
0.108548557,,
0.083525959,,
0.100423836,,
0.106168618,,
0.063788289,,
0.085095568,,
0.092007595,,
0.09455793,,
0.134424921,,
0.045268168,,
0.07351591,,
0.072813696,,
0.075893748,,
0.104224211,,
0.070088185,,
0.055205572,,
0.088078188,,
0.159356099,,
0.099844968,,
0.054367249,,
0.081179198,,
0.119094123,,
0.077949228,,
0.053115068,,
0.085228599,,
0.055781537,,
0.075442829,,
0.080809005,,
0.100907446,,
0.030081827,,
0.064545548,,
0.090700416,,
0.025788951,,
0.060024217,,
0.078089105,,
0.099827159,,
0.057082783,,
0.071624817,,
0.084153211,,
0.09839163,,
0.081307173,,
0.074566827,,
0.09166134,,
0.100317142,,
0.10880907,,
0.085344112,,
0.080519685,,
0.093401157,,
0.106042573,,
0.064077768,,
0.073579509,,
0.077822364,,
0.083810961,,
0.063456911,,
0.088123273,,
0.080007536,,
0.062224636,,
0.076942102,,
0.076650636,,
0.07797689,,
0.079959969,,
0.095685377,,
0.086847449,,
0.087076517,,
0.108042572,,
0.084524911,,
0.085205641,,
0.100384222,,
0.104169851,,
0.127947734,,
0.06057594,,
0.071085805,,
0.09756262,,
0.1174937,,
0.055927393,,
0.065327839,,
0.096363257,,
0.116017211,,
0.138978635,,
0.044732454,,
0.066093648,,
0.078118806,,
0.107595155,,
0.064359716,,
0.057507172,,
0.088914572,,
0.126929923,,
0.086865765,,
0.054002328,,
0.116049771,,
0.101034585,,
0.139701002,,
0.085612282,,
0.079028331,,
0.092731676,,
0.068794254,,
0.043957371,,
0.14424072,,
0.116876042,,
0.065652141,,
0.060426842,,
0.09962369,,
0.142344668,,
0.050297001,,
0.074634689,,
0.092921684,,
0.153765816,,
0.024005586,,
0.073661985,,
0.097482957,,
0.120986405,,
0.042388522,,
0.069149117,,
0.089791651,,
0.125920231,,
0.067312271,,
0.074543217,,
0.080396198,,
0.093875363,,
0.047945076,,
0.086500651,,
0.08719751,,
0.067133087,,
0.0304357,,
0.079852214,,
0.087683006,,
0.086405193,,
0.037551624,,
0.077238986,,
0.088149208,,
0.103600198,,
0.048434353,,
0.08134219,,
0.084960881,,
0.105018212,,
0.127809466,,
0.043876789,,
0.065502239,,
0.077172062,,
0.119000652,,
0.093612676,,
0.054009953,,
0.060178115,,
0.097693788,,
0.123764334,,
0.063205274,,
0.051128784,,
0.136290333,,
0.158069678,,
0.08134934,,
0.057763213,,
0.084182693,,
0.192407677,,
0.074109769,,
0.108883512,,
0.14066605,,
0.074816038,,
0.088657069,,
0.091349271,,
0.064636406,,
0.078163335,,
0.182475043,,
0.108256111,,
0.049046821,,
0.079323014,,
0.149213772,,
0.124813699,,
0.044691129,,
0.077124204,,
0.140017465,,
0.114416164,,
0.051290416,,
0.086333702,,
0.087181678,,
0.129614452,,
0.035749042,,
0.083908877,,
0.092975308,,
0.113330878,,
0.04068814,,
0.084009346,,
0.142387223,,
0.083313719,,
0.045882813,,
0.080194774,,
0.155729171,,
0.095946737,,
0.046477042,,
0.076322467,,
0.199668797,,
0.122581105,,
0.065075525,,
0.078244948,,
0.211176267,,
0.154176422,,
0.072423088,,
0.09239712,,
0.206870178,,
0.083746953,,
0.133147466,,
0.139918352,,
0.102606533,,
0.236811357,,
0.143504756,,
0.071850745,,
0.14682277,,
0.141389731,,
0.048479147,,
0.121028645,,
0.141749794,,
0.062974856,,
0.105765551,,
0.167007618,,
0.069272598,,
0.087214899,,
0.151265821,,
0.058454823,,
0.101547938,,
0.113006806,,
0.058571607,,
0.123006415,,
0.161050745,,
0.078379548,,
0.190890049,,
0.079760054,,
0.18866784,,
0.101298909,,
0.187771463,,
0.174897967,,
0.15472198,,
0.152374292,,
0.201181903,,
0,,
0,,
0,,
0,,
0,,
0,,
0,,
0,,
0,,
0,,
0,,
0,,
0,,
0,,
0,,
0,,
0,,
0,,
0,,
0,,
0,,
0,,
0,,
0,,
0,,
0,,
0,,
0,,
0,,
0,,
0,,
0,,
0,,
0,,
0,,
0,,
0,,
0,,
0,,
0,,
0,,
0,,
0,,
0,,
0,,
0,,
0,,
0,,
0,,
0,,
0,,
0,,
0,,
0,,
0,,
0,,
0,,
0,,
0,,
0,,
0,,
0,,
0.02519961,,
0,,
0,,
0.0427868,,
0,,
0,,
0,,
0,,
0,,
0.000949147,,
0,,
0,,
0.008542192,,
0,,
0,,
0.012949638,,
0,,
0,,
0.008960591,,
0,,
0,,
0.006247856,,
0,,
0,,
0.005238959,,
0,,
0,,
0.006081311,,
0,,
0,,
0.002141365,,
0,,
0,,
0.003197268,,
0,,
0,,
0.010088303,,
0,,
0,,
0.01419114,,
0,,
0,,
0.001212857,,
0,,
0,,
0.000312341,,
0,,
0,,
0.052282822,,
0,,
0,,
0.013736876,,
0,,
0,,
0,,
0,,
0,,
0,,
0,,
0,,
0.055498288,,
0,,
0,,
0.030828636,,
0.056611791,,
0,,
0,,
0.003518457,,
0,,
0,,
0,,
0,,
0,,
0.014578142,,
0,,
0,,
0.016841097,,
0,,
0,,
0.007796571,,
0,,
0,,
0.005744089,,
0,,
0,,
0.007792736,,
0,,
0,,
0.011441475,,
0,,
0,,
0.007921299,,
0,,
0,,
0.004150477,,
0,,
0,,
0.010258861,,
0,,
0,,
0.015258329,,
0,,
0,,
0.005087665,,
0,,
0,,
0.008918996,,
0,,
0.024930707,,
0.048915865,,
0,,
0.041305828,,
0,,
0,,
0,,
0,,
0,,
0,,
0,,
0,,
0,,
0,,
0,,
0,,
0.01751346,,
0,,
0,,
0,,
0,,
0,,
0,,
0,,
0,,
0,,
0,,
0,,
0,,
0,,
0,,
0,,
0,,
0,,
0,,
0,,
0,,
0,,
0,,
0,,
0,,
0,,
0,,
0,,
0,,
0,,
0,,
0,,
0,,
0,,
0,,
0,,
0,,
0,,
0,,
0,,
0,,
0,,
0,,
0,,
0,,
0.009244277,,
0,,
0,,
0,,
0,,
0,,
0,,
0,,
0,,
0,,
0,,
0,,
0,,
0,,
0,,
0.00471249,,
0,,
0,,
0,,
0,,
0,,
0,,
0,,
0,,
0,,
0,,
0,,
0,,
0,,
0,,
0,,
0,,
0,,
0,,
0,,
0,,
0,,
0,,
0,,
0.000963802,,
0,,
0,,
0,,
0,,
0,,
0,,
0,,
0,,
0,,
0,,
0,,
0,,
0,,
0,,
0,,
0,,
0,,
0,,
0,,
0,,
0.011890981,,
0,,
0.002583645,,
0,,
0,,
0,,
0,,
0,,
0,,
0,,
0,,
0.005758956,,
0,,
0,,
0,,
0.009652734,,
0,,
0,,
0,,
0,,
0,,
0,,
0,,
0,,
0,,
0,,
0,,
0,,
0,,
0,,
0,,
0,,
0,,
0,,
0,,
0,,
0,,
0,,
0,,
0,,
0,,
0,,
0,,
0,,
0,,
0,,
0,,
0,,
0,,
0,,
0,,
0,,
0,,
0,,
0,,
0,,
0,,
0,,
0,,
0,,
0.018447416,,
0,,
0.01317662,,
0,,
0,,
0,,
0,,
0,,
0,,
0,,
0,,
0.010944317,,
0,,
0,,
0,,
0.014480136,,
0,,
0,,
0,,
0,,
0,,
0,,
0,,
0,,
0,,
0,,
0,,
0,,
0,,
0,,
0,,
0,,
0,,
0,,
0,,
0,,
0,,
0,,
0,,
0,,
0,,
0,,
0,,
0,,
0,,
0,,
0,,
0,,
0,,
0,,
0,,
0,,
0,,
0,,
0,,
0,,
0,,
0,,
0,,
0,,
0.017542952,,
0,,
0.008857754,,
0,,
0,,
0,,
0,,
0,,
0,,
0,,
0,,
0.004553746,,
0,,
0,,
0,,
0.010456738,,
0,,
0,,
0,,
0,,
0,,
0,,
0,,
0,,
0,,
0,,
0,,
0,,
0,,
0,,
0,,
0,,
0,,
0,,
0,,
0,,
0,,
0,,
0,,
0,,
0,,
0,,
0,,
0,,
0,,
0,,
0,,
0,,
0,,
0,,
0,,
0,,
0,,
0,,
0,,
0,,
0,,
0,,
0,,
0,,
0.006693796,,
0,,
0.010699241,,
0,,
0,,
0,,
0,,
0,,
0,,
0,,
0,,
0.001826449,,
0,,
0,,
0,,
0.005507903,,
0,,
0,,
0,,
0,,
0,,
0,,
0,,
0,,
0,,
0,,
0,,
0,,
0,,
0,,
0,,
0,,
0,,
0,,
0,,
0,,
0,,
0,,
0,,
0,,
0,,
0,,
0,,
0,,
0,,
0,,
0,,
0,,
0,,
0,,
0,,
0,,
0,,
0,,
0,,
0,,
0,,
0,,
0,,
0,,
0.005994716,,
0,,
0.005062125,,
0,,
0,,
0,,
0,,
0,,
0,,
0,,
0,,
0.002319186,,
0,,
0,,
0,,
0.007915536,,
0,,
0,,
0,,
0,,
0,,
0,,
0,,
0,,
0,,
0,,
0,,
0,,
0,,
0,,
0,,
0,,
0,,
0,,
0,,
0,,
0,,
0,,
0,,
0,,
0,,
0,,
0,,
0,,
0,,
0,,
0,,
0,,
0,,
0,,
0,,
0,,
0,,
0,,
0,,
0,,
0,,
0.000182254,,
0,,
0,,
0.013935041,,
0,,
0.003209731,,
0,,
0,,
0,,
0,,
0,,
0,,
0,,
0,,
0.016982632,,
0,,
0,,
0,,
0.016399462,,
0,,
0,,
0,,
0,,
0,,
0,,
0,,
0,,
0,,
0,,
0,,
0,,
0,,
0,,
0,,
0,,
0,,
0,,
0,,
0,,
0,,
0,,
0,,
0,,
0,,
0,,
0,,
0,,
0,,
0,,
0,,
0,,
0,,
0,,
0,,
0,,
0,,
0,,
0,,
0,,
0,,
0.001325779,,
0,,
0,,
0.016339202,,
0,,
0,,
0,,
0,,
0,,
0,,
0,,
0,,
0,,
0,,
0.014634413,,
0,,
0,,
0,,
0.009347084,,
0,,
0,,
0,,
0,,
0,,
0,,
0,,
0,,
0,,
0,,
0,,
0,,
0,,
0,,
0,,
0,,
0,,
0,,
0,,
0,,
0,,
0,,
0,,
0,,
0,,
0,,
0,,
0,,
0,,
0,,
0,,
0,,
0,,
0,,
0,,
0,,
0,,
0,,
0,,
0,,
0,,
0,,
0,,
0,,
0.01236507,,
0,,
0.009130969,,
0,,
0,,
0,,
0,,
0,,
0,,
0,,
0,,
0.00303317,,
0,,
0,,
0,,
0.005057904,,
0,,
0,,
0,,
0,,
0,,
0,,
0,,
0,,
0,,
0,,
0,,
0,,
0,,
0,,
0,,
0,,
0,,
0,,
0,,
0,,
0,,
0,,
0,,
0,,
0,,
0,,
0,,
0,,
0,,
0,,
0,,
0,,
0,,
0,,
0,,
0,,
0,,
0,,
0,,
0,,
0,,
0,,
0,,
0,,
0.010738213,,
0,,
0.00579043,,
0,,
0,,
0,,
0,,
0,,
0,,
0,,
0,,
0,,
0,,
0,,
0,,
0.011523775,,
0,,
0,,
0,,
0,,
0,,
0,,
0,,
0,,
0,,
0,,
0,,
0,,
0,,
0,,
0,,
0,,
0,,
0,,
0,,
0,,
0,,
0,,
0,,
0,,
0,,
0,,
0,,
0,,
0,,
0,,
0,,
0,,
0,,
0,,
0,,
0,,
0,,
0,,
0,,
0,,
0,,
0,,
0,,
0,,
0.010754606,,
0,,
0,,
0,,
0,,
0,,
0,,
0,,
0,,
0,,
0,,
0.003116692,,
0,,
0,,
0,,
0.019988138,,
0,,
0,,
0,,
0,,
0,,
0,,
0,,
0,,
0,,
0,,
0,,
0,,
0,,
0,,
0,,
0,,
0,,
0,,
0,,
0,,
0,,
0,,
0,,
0,,
0,,
0,,
0,,
0,,
0,,
0,,
0,,
0,,
0,,
0,,
0,,
0,,
0,,
0,,
0,,
0,,
0,,
0,,
0,,
0,,
0.011480889,,
0,,
0.00728898,,
0,,
0,,
0,,
0,,
0,,
0,,
0,,
0,,
0,,
0,,
0,,
0,,
0.006643631,,
0,,
0,,
0,,
0,,
0,,
0,,
0,,
0,,
0,,
0,,
0,,
0,,
0,,
0,,
0,,
0,,
0,,
0,,
0,,
0,,
0,,
0,,
0,,
0,,
0,,
0,,
0,,
0,,
0,,
0,,
0,,
0,,
0,,
0,,
0,,
0,,
0,,
0,,
0,,
0,,
0,,
0,,
0,,
0,,
0.006269103,,
0,,
0.008725234,,
0,,
0,,
0,,
0,,
0,,
0,,
0,,
0,,
0,,
0,,
0,,
0,,
0.00529941,,
0,,
0,,
0,,
0,,
0,,
0,,
0,,
0,,
0,,
0,,
0,,
0,,
0,,
0,,
0,,
0,,
0,,
0,,
0,,
0,,
0,,
0,,
0,,
0,,
0,,
0,,
0,,
0,,
0,,
0,,
0,,
0,,
0,,
0,,
0,,
0,,
0,,
0,,
0,,
0,,
0,,
0,,
0,,
0,,
0.004174907,,
0,,
0,,
0,,
0,,
0,,
0,,
0,,
0,,
0,,
0,,
0.043794482,,
0,,
0,,
0.007339898,,
0.047442314,,
0,,
0,,
0.00606473,,
0,,
0,,
0.006682094,,
0,,
0,,
0.016917127,,
0,,
0,,
0.013819138,,
0,,
0,,
0.017176774,,
0,,
0,,
0.014081714,,
0,,
0,,
0.006503997,,
0,,
0,,
0.009117267,,
0,,
0,,
0.009832736,,
0,,
0,,
0.004752794,,
0,,
0,,
0.013184466,,
0,,
0,,
0.01209906,,
0,,
0,,
0.00344733,,
0,,
0,,
0.005666068,,
0,,
0.028390273,,
0.034368938,,
0,,
0.042850975,,
0,,
0,,
0,,
0,,
0,,
0,,
0,,
0,,
0.030575845,,
0,,
0,,
0.046185732,,
0,,
0,,
0.001541968,,
0,,
0,,
0.000663108,,
0,,
0,,
0.006485261,,
0,,
0,,
0.005708403,,
0,,
0,,
0.001632374,,
0,,
0,,
0.005958294,,
0,,
0,,
0.006261127,,
0,,
0,,
0.014991416,,
0,,
0,,
0.008398377,,
0,,
0,,
0.00285056,,
0,,
0,,
0.010688634,,
0,,
0,,
0.001431091,,
0,,
0,,
0,,
0,,
0,,
0.000257257,,
0,,
0,,
0.041241684,,
0,,
0,,
0.032209878,,
0,,
0,,
0,,
0,,
0,,
0,,
0,,
0,,
0,,
0,,
0,,
0,,
0,,
0,,
0,,
0,,
0,,
0,,
0,,
0,,
0,,
0,,
0,,
0,,
0,,
0,,
0,,
0,,
0,,
0,,
0,,
0,,
0,,
0,,
0,,
0,,
0,,
0,,
0,,
0,,
0,,
0,,
0,,
0,,
0,,
0,,
0,,
0,,
0,,
0,,
0,,
0,,
0,,
0,,
0,,
0,,
0,,
0,,
0,,
0,,
0,,
0,,
0.163449218,,
0.25013205,,
0.291204201,,
0.243774048,,
0.113072804,,
0.048333387,,
0.108495705,,
0.172945974,,
0.079868965,,
0.1045529,,
0.217031753,,
0.074560542,,
0.084600146,,
0.109331675,,
0.095057859,,
0.159026385,,
0.139706756,,
0.094367977,,
0.145909691,,
0.153399482,,
0.07823146,,
0.117559051,,
0.169691976,,
0.097670792,,
0.14973027,,
0.163361346,,
0.10763506,,
0.161520533,,
0.149629609,,
0.099286948,,
0.140536558,,
0.167206262,,
0.101464393,,
0.134655641,,
0.124766571,,
0.120444103,,
0.156782858,,
0.124244739,,
0.112023242,,
0.132084524,,
0.117857138,,
0.111845492,,
0.136057358,,
0.115892567,,
0.090242552,,
0.125313186,,
0.104185305,,
0.074740625,,
0.113333962,,
0.117942946,,
0.077521593,,
0.10691029,,
0.126777492,,
0.086285993,,
0.103703198,,
0.103618173,,
0.099095529,,
0.112131044,,
0.080439809,,
0.092172062,,
0.090071757,,
0.166248205,,
0.148327184,,
0.118517755,,
0.334224923,,
0.092583324,,
0.059178153,,
0.123338191,,
0.043823312,,
0.056674578,,
0.083540116,,
0.049515067,,
0.052857893,,
0.072204351,,
0.043676577,,
0.058044546,,
0.084284027,,
0.037161247,,
0.05404391,,
0.07411172,,
0.039414282,,
0.061199166,,
0.067287948,,
0.026960518,,
0.043227817,,
0.054599795,,
0.026269113,,
0.042485411,,
0.051152144,,
0.031369068,,
0.053380259,,
0.06175673,,
0.035586369,,
0.048627449,,
0.069640084,,
0.042264685,,
0.068935046,,
0.077996877,,
0.042604761,,
0.064095543,,
0.078873774,,
0.039740748,,
0.061028414,,
0.074491458,,
0.021738825,,
0.058292277,,
0.064691487,,
0.043718528,,
0.057688953,,
0.061416273,,
0.054083577,,
0.063621696,,
0.073665621,,
0.05763331,,
0.073864405,,
0.089396344,,
0.064210593,,
0.085427923,,
0.096191017,,
0.054320568,,
0.08141892,,
0.078104873,,
0.115320797,,
0.105991727,,
0.098704602,,
0.413515419,,
0.148251156,,
0.065511822,,
0.143960045,,
0.026779543,,
0.05612198,,
0.089532754,,
0.033286412,,
0.064820151,,
0.083480037,,
0.077372451,,
0.074159108,,
0.085012249,,
0.055886284,,
0.049203638,,
0.071031915,,
0.085367362,,
0.069583267,,
0.065440355,,
0.033870939,,
0.060644982,,
0.063360878,,
0.012933918,,
0.042227369,,
0.058946223,,
0.016376209,,
0.042675728,,
0.066880378,,
0.0205028,,
0.062893191,,
0.095476022,,
0.073329558,,
0.080932375,,
0.079241022,,
0.07288873,,
0.060447296,,
0.062971777,,
0.061547513,,
0.059359206,,
0.058045267,,
0.027409855,,
0.056807891,,
0.062739647,,
0.04058609,,
0.060443097,,
0.071242002,,
0.058862141,,
0.060624873,,
0.075461612,,
0.057072224,,
0.058895964,,
0.075386796,,
0.050657902,,
0.065080981,,
0.083983879,,
0.063674982,,
0.065123166,,
0.075908811,,
0.142610938,,
0.09328626,,
0.085672114,,
0.145589387,,
0.057928037,,
0.124673552,,
0.044351818,,
0.065397375,,
0.078759429,,
0.050266179,,
0.068489425,,
0.08333625,,
0.070275499,,
0.066237837,,
0.071880019,,
0.043947994,,
0.054226385,,
0.066519714,,
0.050227842,,
0.053527988,,
0.063891896,,
0.024104236,,
0.052668065,,
0.060920021,,
0.050922487,,
0.039311488,,
0.051099478,,
0.038490628,,
0.05336704,,
0.046377078,,
0.032131603,,
0.071327143,,
0.064221851,,
0.075310115,,
0.058882793,,
0.058071052,,
0.055935829,,
0.045500512,,
0.049415002,,
0.055261753,,
0.04750386,,
0.05013484,,
0.052062545,,
0.048127725,,
0.047895906,,
0.031888491,,
0.038616305,,
0.053505547,,
0.034187784,,
0.046126027,,
0.056809981,,
0.03610622,,
0.047577128,,
0.053833134,,
0.062394233,,
0.047595777,,
0.066932089,,
0.050912971,,
0.04833566,,
0.062367837,,
0.132774341,,
0.09030644,,
0.086309334,,
0.148051035,,
0.053319892,,
0.10865301,,
0.035502211,,
0.059586664,,
0.073168881,,
0.03941895,,
0.056679722,,
0.077389863,,
0.051083257,,
0.053466997,,
0.069164467,,
0.029932783,,
0.04706874,,
0.065034471,,
0.015703686,,
0.036917033,,
0.058209816,,
0.028459585,,
0.037221849,,
0.056021468,,
0.045708234,,
0.034166022,,
0.043976144,,
0.025190425,,
0.043903452,,
0.041956431,,
0.035090026,,
0.050945189,,
0.047728813,,
0.087352282,,
0.040763012,,
0.04382611,,
0.07174334,,
0.037707949,,
0.047237992,,
0.068508578,,
0.051739748,,
0.053583933,,
0.037705962,,
0.039942763,,
0.044947007,,
0.030120876,,
0.04163684,,
0.057917955,,
0.032357029,,
0.051450033,,
0.057639255,,
0.030627023,,
0.05629892,,
0.057413753,,
0.058991718,,
0.05103971,,
0.059902231,,
0.045213665,,
0.04522871,,
0.056302769,,
0.113696446,,
0.08952697,,
0.084218535,,
0.135626485,,
0.061606128,,
0.131718811,,
0.027430607,,
0.056129145,,
0.074172812,,
0.032731061,,
0.054649324,,
0.066740502,,
0.058134873,,
0.062737942,,
0.064987703,,
0.04175647,,
0.047640146,,
0.068430296,,
0.019708574,,
0.025737716,,
0.056720974,,
0.015573061,,
0.013936606,,
0.043566456,,
0.027253198,,
0.019005122,,
0.027704287,,
0.047031763,,
0.046222717,,
0.035783478,,
0.015460258,,
0.039409929,,
0.040436192,,
0.06714487,,
0.03607667,,
0.039857932,,
0.048792216,,
0.023246791,,
0.043805029,,
0.0510595,,
0.038304479,,
0.042115657,,
0.037154533,,
0.038546516,,
0.043884338,,
0.041995179,,
0.042355246,,
0.053245273,,
0.044579989,,
0.047442683,,
0.053956866,,
0.0312656,,
0.040882224,,
0.056172145,,
0.046322891,,
0.046342478,,
0.058801232,,
0.045862133,,
0.042428163,,
0.05502266,,
0.129103317,,
0.0958851,,
0.086864774,,
0.128122498,,
0.053888171,,
0.15392685,,
0.04227522,,
0.050492662,,
0.069515797,,
0.043940293,,
0.055587446,,
0.052796247,,
0.063440458,,
0.060716197,,
0.060168715,,
0.03870936,,
0.055600752,,
0.065446801,,
0.048080466,,
0.034395852,,
0.05588118,,
0.021776743,,
0.013527615,,
0.035655933,,
0.033146422,,
0.03170847,,
0.029590663,,
0.046549615,,
0.043243103,,
0.031919934,,
0.026084903,,
0.032181497,,
0.038613577,,
0.067121556,,
0.03990925,,
0.037538199,,
0.054926489,,
0.034019422,,
0.047285675,,
0.042769845,,
0.039269036,,
0.045094418,,
0.029869357,,
0.034057638,,
0.042923115,,
0.042040877,,
0.038580829,,
0.04617288,,
0.033178417,,
0.038120711,,
0.042008895,,
0.023448097,,
0.024986266,,
0.040576356,,
0.043578127,,
0.036383194,,
0.046277524,,
0.053124061,,
0.03860401,,
0.044976776,,
0.145217902,,
0.09798218,,
0.081267262,,
0.140670327,,
0.046572732,,
0.149797591,,
0.025703723,,
0.047841949,,
0.077164385,,
0.03516216,,
0.047300544,,
0.064248729,,
0.021053476,,
0.042186461,,
0.05797311,,
0.01984797,,
0.050448342,,
0.057351794,,
0.05141895,,
0.029275972,,
0.040579461,,
0.043579592,,
0.031474828,,
0.036029927,,
0.035456568,,
0.042472963,,
0.036410478,,
0.037127098,,
0.034061894,,
0.039124946,,
0.029899545,,
0.039530937,,
0.047896564,,
0.069481409,,
0.039295638,,
0.043725008,,
0.0344608,,
0.031620589,,
0.04566272,,
0.034298673,,
0.027789801,,
0.039301576,,
0.033439031,,
0.016227066,,
0.036054354,,
0.024172774,,
0.03980207,,
0.047747739,,
0.039411964,,
0.043117913,,
0.042818799,,
0.019271328,,
0.026915958,,
0.033414787,,
0.037584552,,
0.030984936,,
0.036508205,,
0.039534124,,
0.038955805,,
0.051167645,,
0.137737454,,
0.083104654,,
0.065732899,,
0.129141443,,
0.048147706,,
0.14017651,,
0.030707474,,
0.055272988,,
0.072090949,,
0.058899378,,
0.054499327,,
0.061486305,,
0.040279518,,
0.054101363,,
0.056235851,,
0.017387526,,
0.062191103,,
0.067440551,,
0.0333313,,
0.039342512,,
0.047700984,,
0.022332559,,
0.020519286,,
0.037074339,,
0.039138029,,
0.047348274,,
0.051616227,,
0.046346003,,
0.045008196,,
0.040061176,,
0.025021132,,
0.037796302,,
0.038479849,,
0.052635585,,
0.033641695,,
0.040906637,,
0.04838486,,
0.022603105,,
0.037242039,,
0.049310326,,
0.02388957,,
0.025545194,,
0.024766343,,
0.024464906,,
0.029200767,,
0.021566671,,
0.031630111,,
0.042016522,,
0.033337883,,
0.032617865,,
0.031818431,,
0.026691885,,
0.024979896,,
0.030425814,,
0.03223767,,
0.033727875,,
0.046353134,,
0.042289548,,
0.036267397,,
0.046155466,,
0.144412523,,
0.081849713,,
0.062254737,,
0.149891369,,
0.044039671,,
0.132278371,,
0.028783346,,
0.053642001,,
0.051311226,,
0.060591082,,
0.057386087,,
0.051700754,,
0.072424696,,
0.050089995,,
0.042449066,,
0.036035811,,
0.052171038,,
0.057804704,,
0.009917291,,
0.038176544,,
0.051880555,,
0.034569962,,
0.021508425,,
0.040498658,,
0.041649913,,
0.032444043,,
0.033541386,,
0.049701201,,
0.040642932,,
0.03719051,,
0.024536707,,
0.031562772,,
0.031280715,,
0.063144936,,
0.028206481,,
0.036554604,,
0.053589125,,
0.02503442,,
0.04629498,,
0.051768865,,
0.016900327,,
0.034749929,,
0.027174694,,
0.026614352,,
0.030709699,,
0.02666349,,
0.031250771,,
0.030416311,,
0.033348468,,
0.029375038,,
0.025394282,,
0.028106235,,
0.020699452,,
0.029927571,,
0.025684671,,
0.042867023,,
0.052707112,,
0.052533239,,
0.039624305,,
0.043942938,,
0.149620209,,
0.093649939,,
0.068058624,,
0.141537552,,
0.055207936,,
0.150541601,,
0.026905815,,
0.054847529,,
0.051851104,,
0.043454791,,
0.055822139,,
0.063325891,,
0.057769622,,
0.055603936,,
0.050919488,,
0.035735808,,
0.045642761,,
0.056966202,,
0.036207834,,
0.02913547,,
0.063922491,,
0.0545406,,
0.022878847,,
0.048801461,,
0.062827107,,
0.050734147,,
0.032502999,,
0.064905559,,
0.044873163,,
0.028990625,,
0.01936342,,
0.032381731,,
0.027894617,,
0.049453736,,
0.022042285,,
0.041089308,,
0.025267399,,
0.024849655,,
0.04141286,,
0.02047794,,
0.030035118,,
0.036263493,,
0.026397659,,
0.034984804,,
0.039568251,,
0.01331003,,
0.034835801,,
0.043097083,,
0.030598579,,
0.030492749,,
0.028241899,,
0.034084747,,
0.015270228,,
0.024514694,,
0.028533202,,
0.033245579,,
0.049416749,,
0.046141544,,
0.040033337,,
0.046984322,,
0.143515692,,
0.1034965,,
0.089692208,,
0.140488382,,
0.064625525,,
0.186514817,,
0.030236388,,
0.054113131,,
0.073984924,,
0.056082894,,
0.048711034,,
0.071497829,,
0.049535333,,
0.059124023,,
0.054834695,,
0.02934324,,
0.049802528,,
0.057201827,,
0.038179447,,
0.039042119,,
0.065288103,,
0.031471787,,
0.035522849,,
0.051934386,,
0.045125763,,
0.04840786,,
0.031125087,,
0.047867561,,
0.031602306,,
0.037011606,,
0.028064931,,
0.016609407,,
0.039060163,,
0.040494321,,
0.034218183,,
0.037172983,,
0.041631968,,
0.025695042,,
0.03051302,,
0.027422946,,
0.025525166,,
0.026635844,,
0.010273144,,
0.023673509,,
0.035925115,,
0.032005624,,
0.04612163,,
0.050251244,,
0.040115489,,
0.039254699,,
0.032127427,,
0.028139506,,
0.022157021,,
0.02534933,,
0.034338762,,
0.037036885,,
0.047949198,,
0.051451677,,
0.04175706,,
0.046753591,,
0.151582494,,
0.100932499,,
0.086019419,,
0.116820908,,
0.0557196,,
0.169945573,,
0.033241237,,
0.065413787,,
0.092382132,,
0.041602207,,
0.055215466,,
0.080136477,,
0.065028738,,
0.047990704,,
0.061132988,,
0.021375778,,
0.047079199,,
0.058256445,,
0.034990871,,
0.049661077,,
0.053170774,,
0.023625723,,
0.04045393,,
0.038452781,,
0.023453321,,
0.025633679,,
0.031389708,,
0.038315096,,
0.036332652,,
0.041745462,,
0.044580289,,
0.037470953,,
0.033349992,,
0.061237104,,
0.049181616,,
0.042906349,,
0.050594486,,
0.031045852,,
0.035592663,,
0.062245331,,
0.036823328,,
0.031686014,,
0.038320128,,
0.026921287,,
0.034151949,,
0.039915573,,
0.031847102,,
0.037851651,,
0.045556465,,
0.038639146,,
0.025464747,,
0.031297439,,
0.025111691,,
0.034386249,,
0.029771533,,
0.043829649,,
0.057838698,,
0.055903127,,
0.05115867,,
0.056386715,,
0.143178357,,
0.087946654,,
0.066387457,,
0.112443039,,
0.058345508,,
0.167671079,,
0.031226253,,
0.064009813,,
0.07343675,,
0.022772552,,
0.05385277,,
0.064832081,,
0.052218291,,
0.04609769,,
0.06526282,,
0.050560565,,
0.045687974,,
0.072240533,,
0.037991564,,
0.041168188,,
0.058400797,,
0.03627758,,
0.019934029,,
0.034726633,,
0.028985199,,
0.026510087,,
0.037428713,,
0.039037358,,
0.043285326,,
0.034721692,,
0.065696118,,
0.067530162,,
0.031021636,,
0.085711322,,
0.042466369,,
0.038389047,,
0.060362248,,
0.039825325,,
0.046725816,,
0.060186719,,
0.040479306,,
0.050605199,,
0.028093951,,
0.039037434,,
0.058970296,,
0.044735081,,
0.052278505,,
0.052220122,,
0.044463806,,
0.037273332,,
0.037121952,,
0.027363697,,
0.023904542,,
0.045988842,,
0.050556513,,
0.047966965,,
0.060462186,,
0.049667556,,
0.050497699,,
0.060494421,,
0.131715645,,
0.080921845,,
0.066246072,,
0.141970114,,
0.068823112,,
0.174004092,,
0.043882213,,
0.049678759,,
0.061709851,,
0.038080272,,
0.055744595,,
0.06564732,,
0.055691604,,
0.060424072,,
0.062040121,,
0.034619099,,
0.045438996,,
0.063864619,,
0.024235084,,
0.030161993,,
0.046966019,,
0.026373749,,
0.023785496,,
0.037387482,,
0.015070887,,
0.027431478,,
0.043254449,,
0.024293277,,
0.043425787,,
0.054116054,,
0.035909921,,
0.048824714,,
0.047335266,,
0.055942646,,
0.03554565,,
0.037473459,,
0.056602454,,
0.033760633,,
0.045534722,,
0.048757113,,
0.038565241,,
0.048349949,,
0.025255363,,
0.042026413,,
0.055969057,,
0.046134948,,
0.056268444,,
0.063348935,,
0.036759237,,
0.047457382,,
0.048735738,,
0.035737738,,
0.035873109,,
0.048949971,,
0.058551107,,
0.049721857,,
0.057836665,,
0.050066281,,
0.048339333,,
0.055490851,,
0.131830663,,
0.08388844,,
0.073333086,,
0.130753958,,
0.05020559,,
0.117777073,,
0.037390987,,
0.060463354,,
0.075545342,,
0.055451957,,
0.066620228,,
0.091079883,,
0.042483453,,
0.067413899,,
0.070542315,,
0.026343351,,
0.036923209,,
0.065328661,,
0.031484189,,
0.044280146,,
0.058113047,,
0.033839448,,
0.032063508,,
0.045962483,,
0.027987908,,
0.028465976,,
0.036575007,,
0.029726564,,
0.044754374,,
0.061659257,,
0.020958354,,
0.048566257,,
0.061889558,,
0.052431485,,
0.03164308,,
0.039965051,,
0.071861229,,
0.028664905,,
0.044515342,,
0.066650242,,
0.044722441,,
0.049712061,,
0.029062702,,
0.040279609,,
0.047723042,,
0.04800532,,
0.03527223,,
0.047457035,,
0.046182663,,
0.050727519,,
0.047324332,,
0.030669925,,
0.037878348,,
0.049721159,,
0.041558455,,
0.047093027,,
0.062884549,,
0.041469743,,
0.047250534,,
0.058583515,,
0.125441872,,
0.085174953,,
0.078132224,,
0.129222204,,
0.042801625,,
0.105093452,,
0.024159278,,
0.062069894,,
0.078441304,,
0.0294244,,
0.051251708,,
0.085095075,,
0.08262383,,
0.055327715,,
0.083767931,,
0.038567928,,
0.046604019,,
0.079885112,,
0.031802754,,
0.06617943,,
0.076856577,,
0.028741788,,
0.039857558,,
0.053205952,,
0.026191185,,
0.024483964,,
0.038356626,,
0.045691355,,
0.053533807,,
0.0508373,,
0.042313893,,
0.055782449,,
0.057025935,,
0.056231162,,
0.03705565,,
0.048471817,,
0.082730509,,
0.045731855,,
0.053044668,,
0.077331705,,
0.056335211,,
0.063297754,,
0.028237725,,
0.043577801,,
0.05799919,,
0.035658441,,
0.038859484,,
0.052430247,,
0.032590004,,
0.045458449,,
0.053031139,,
0.030375925,,
0.042252307,,
0.057909724,,
0.055716848,,
0.060781934,,
0.076459299,,
0.048596879,,
0.060234527,,
0.072068185,,
0.135153268,,
0.083199152,,
0.073761933,,
0.365152952,,
0.130551415,,
0.059013652,,
0.132941901,,
0.026372498,,
0.054049732,,
0.079690351,,
0.023140859,,
0.053174033,,
0.070117218,,
0.067630491,,
0.0590658,,
0.073811775,,
0.041875483,,
0.06100728,,
0.08121821,,
0.034452988,,
0.060492572,,
0.073839143,,
0.025638078,,
0.055118186,,
0.05815297,,
0.025702857,,
0.044342494,,
0.057142294,,
0.022825066,,
0.047009558,,
0.05738627,,
0.016683047,,
0.046285226,,
0.072380472,,
0.065996806,,
0.065875802,,
0.0652749,,
0.074820296,,
0.073324897,,
0.061787069,,
0.057577346,,
0.070634568,,
0.07138906,,
0.030095071,,
0.056033485,,
0.0671194,,
0.040541051,,
0.057062627,,
0.062468165,,
0.04750684,,
0.056773121,,
0.067656583,,
0.06287717,,
0.057416489,,
0.076774545,,
0.073849253,,
0.079190786,,
0.092830389,,
0.064740686,,
0.075804433,,
0.085880371,,
0.130908454,,
0.093008452,,
0.080308118,,
0.309735486,,
0.105551883,,
0.065090688,,
0.136930329,,
0.051303558,,
0.051244867,,
0.094195106,,
0.072850925,,
0.061342374,,
0.082533543,,
0.054501342,,
0.072940561,,
0.081553828,,
0.046265519,,
0.065278901,,
0.082888161,,
0.022468853,,
0.056172737,,
0.068173394,,
0.015619922,,
0.048484669,,
0.05488603,,
0.040636939,,
0.054913412,,
0.048371093,,
0.044237823,,
0.050298499,,
0.063349785,,
0.043356071,,
0.04626291,,
0.079569909,,
0.046271453,,
0.065114998,,
0.072567093,,
0.045024546,,
0.06317494,,
0.065313052,,
0.039203849,,
0.068718752,,
0.073736861,,
0.035118534,,
0.062663311,,
0.071550903,,
0.043011365,,
0.05607302,,
0.062088297,,
0.062923402,,
0.065303488,,
0.071653109,,
0.083796603,,
0.068924177,,
0.089116395,,
0.078320046,,
0.090974445,,
0.101600325,,
0.062755102,,
0.079665981,,
0.077425395,,
0.126524648,,
0.120247356,,
0.098769137,,
0.18277422,,
0.099498293,,
0.053100706,,
0.09021602,,
0.1707196,,
0.072518718,,
0.10761448,,
0.231710767,,
0.080703798,,
0.101774044,,
0.097331428,,
0.084072233,,
0.131849958,,
0.126618022,,
0.083372575,,
0.137193758,,
0.151854759,,
0.094013816,,
0.14510711,,
0.147655112,,
0.091080427,,
0.1376083,,
0.166239305,,
0.087525846,,
0.118961245,,
0.165389753,,
0.08886836,,
0.134455029,,
0.183091351,,
0.099712387,,
0.132660907,,
0.124170974,,
0.113077638,,
0.149688171,,
0.118874309,,
0.109595363,,
0.148302017,,
0.118069842,,
0.113967749,,
0.147821204,,
0.12282792,,
0.098170676,,
0.129516106,,
0.129805765,,
0.090484427,,
0.115459677,,
0.125462576,,
0.08255846,,
0.104463942,,
0.135299202,,
0.095518937,,
0.111604226,,
0.122590946,,
0.110502137,,
0.112286477,,
0.093017438,,
0.090338375,,
0.091178953,,
0.214770716,,
0.16629963,,
0.108701877,,
0.1487339,,
0.210760673,,
0.294974942,,
