0,1,2,3,4,5,6,7,8,9,10,11,12,13,14,15,16,17
"[ 4.50405597  3.81637457  4.33986956 ...  4.39964049  7.33509426
 15.69149263]","[ 6.7964309   2.99188886  6.72340187  1.99115601  2.80709849  4.49347692
  2.91630613  1.86344827  3.68970823  5.42830343  0.95031678  6.07530293
  2.41548969  0.98041781  6.18026955  7.41060756  6.6555014   6.37926874
  7.51136941  0.59188328  5.19114295  1.98755073  4.55976289  4.3532352
  3.44021218  4.3050898   3.45402923  1.86937471  3.14865536  7.07386795
  3.56252945  6.77044383  7.41673514  5.26381118  2.02064443  2.70131892
  1.20097578  2.94215151  2.66571507  1.80717962  4.84510939  4.74891588
  5.16028698  2.85144632  3.6296035   2.66223903  4.31226554  8.88057903
  7.75191014  3.50591848  5.09818595  5.17732864  2.23546401  3.39626317
  3.94192805  4.04608909  3.65576606  3.85504356  2.12384756  0.45973208
  2.00505808  2.47028006  9.70126383  4.89029973 33.7886459  26.59406844
 38.0285051  23.9603398  50.21910761 19.46986649  7.83344508  7.91719539
  2.82002192  5.92667226 12.95973483  7.31937702  9.2003035   3.48365814
  3.28905551  7.56427698  3.74801397  2.0475556   7.17181898 13.04587736
 13.93284415  6.09612964  4.25046387  9.94904212  4.47258333  2.05232122
  5.57033634  5.21542195  2.24500237  6.98449291  9.37342631  7.70901958
  2.17053609  5.89541805 10.61798162  4.05124226  3.60913961  9.62028615
 12.54278781  9.30421156  2.67004334  4.90419965  2.54190476  3.23544787
 10.95483409  4.81351952  3.2349081   6.09994545  6.5266476   3.40614013
  7.03700563  9.39034075  3.54323612  5.26016502 10.3051843  12.08847764
  2.75239022  8.42537587 12.34306702  2.54648926  5.09135974 11.02158072
 13.98772359  7.46627821  4.47364963  7.67218678 10.11865309  9.9892392
  6.06762009  6.15229761 10.24020468 12.25482413  5.51928596  7.47667628
 11.99151989 14.46445842  5.67319585  3.86650528  9.17233096 12.72821912
  1.45050178  5.67142376 10.38831444  4.76595367  7.6185654  11.4073846
  2.66246747  4.22339643 19.49270505  2.31321185  3.25937707  6.6667252
  9.87384925  3.84206323  4.739165    5.79789137  7.75361572  8.17453063
  3.43612395  4.60389012 13.28855295  6.11517014  3.63180712  9.27381945
  2.3870901   4.56933218  3.70041115  9.32453191  2.01021847  5.09834838
  8.77429234 14.42742929 14.90468592  5.33802192  4.21890316 10.73986176
  2.77487093  5.50062937  6.9436797   4.05749628  5.84847867 10.14665349
 10.28657728  7.34613977  4.24664757  9.64050768 13.02665791  1.2892302
  7.5189069  13.11484836 15.15583811  8.18790199  8.43174799 12.78289609
  4.33440298  4.75888568  5.70657274 13.07058514  3.31387265  6.85844094
  8.82592835  8.74673389  5.46454117  6.43670729 10.78472807 11.87911381
  3.18485734  8.90401303 13.30333563 14.12528157  5.64554782 11.72781917
 15.42209691  2.07773093  8.66684021 14.58592844 17.34771831  8.40117541
  6.55398572 11.14777866 13.2548692  11.88244784  2.91998285  8.17051304
 13.23140145 15.01629584  3.19364219  9.68155098 15.06184896 17.38572539
  3.99711335  5.63832003 12.41826779 16.10388679  3.42575116  8.5216889
 13.10371451  4.05392033  9.67498834 14.24897925  2.14270533  6.52624645
 11.31749362  1.58879091  5.17273899  9.67341075 12.48985117  3.76215793
  5.92903475  8.30073624]","[ 1.08193411  8.10719478  6.53737674  1.26851813  5.09559934  1.54648024
  0.9705862   0.33247583  3.21594769  4.27924067  5.11091317  4.06855198
  4.46856937  2.58692319  1.01021575  0.98025669  0.64861915  6.44389552
  0.62876347  4.29372477  5.24190994  1.20194947  2.94533223  8.0353875
  1.66443132  0.36028027  2.79262735  3.29643556  1.52354003  1.22410955
  6.28813517  2.01729039  5.26262643  5.13085433  6.92875814  1.78745571
  0.90058996  1.32261027  3.85109511  3.55257454  1.05053002  8.923801
  1.64485077  1.95239113  8.70219621 13.16520919  7.32261458  3.92233444
  7.79883141  3.15285407  5.249651    9.36052167  4.07429012  3.18829574
  3.43469306  5.64199549  0.42684192  5.64177468  6.26539974  2.28192864
  3.46091113  7.66853433  3.71172498  2.04377112  6.93523852  5.04122714
  2.20599523  6.85562435  8.80056034  6.40887402  2.67148603  3.28742514
  6.88252258  7.45266181  3.79920467  2.05447843  7.47165732  5.06005402
  1.02984208  6.63191277 10.09830376  7.287285    2.0210966   5.77120938
 10.18148782  5.53155066  1.16679271  6.70552305 10.15527683  8.41749619
  1.13050766  5.24550418 10.2665168  12.0952458   3.98116112  3.6796456
  9.44320619 12.28301873  2.91051917  8.37763916 12.22598295  1.10498682
  7.51888173 11.95750368  2.59437589  5.2958003  11.10581697 14.07931113
  5.96417875 14.18674618  9.74199726 17.30351597  4.57474148  1.81516333
  8.63150753 12.43951499  2.06782074  5.84262736 10.47536229  0.56283405
  2.96406305  8.12792154  1.80461764  2.83973703  6.64680877 10.14520447
  2.81486437  5.1011606   7.38535016  2.7966247   2.84864401  1.27593575
  0.40044778  8.17409451 13.44714847  6.60284538  2.74682119  1.63752034
  8.29324283  3.33933598  4.53612972  9.35293055  3.19216022  5.07472078
  3.61226655  3.41035896  5.84349409  0.50215919  4.44960527  6.44118024
  0.82336444  4.98728334  5.59717069  9.72592121  2.2410118   5.26004191
  8.63453079  4.5474788   4.83348301  9.78294927 10.52012367  6.4320761
  1.37201953  4.6380333   5.93233654  9.40634685  2.19241533  4.9944997
  9.09026584  8.00849031  4.37221031  4.53306224  9.69912604 11.32255994
  7.49389288  3.03943026  9.15328306 13.0138182   3.71678458  4.63138612
 10.10899707 11.59319355  8.65051768  2.12261324  8.69882927 13.02370358
 13.68321394  1.72915961  7.17944994 12.95227581 15.24932628  5.22705002
 11.78277423 15.5309178   5.06989357 11.35483662 15.4943648   1.01079908
  8.25898617 14.53354402 17.4098699   1.740507    5.55607746 12.27310307
 15.81562919  2.10879005  5.43279515 11.91686915 15.70086505  3.3292026
  8.60294573 13.17283115  2.23560615  5.61716792 10.65646012  1.45393911
  4.27598881  8.83691246 12.27437671  4.26385356  7.66715575 10.07485882
  2.88564174  3.53808457  4.78910954]","[ 4.01601546  4.64786612  4.28466792  5.54014805  2.91765756  2.15522107
  1.96108987  3.92553738  4.88812828  3.47191138  3.89454212  4.53526097
  4.18501136  5.02166742  2.19098319  3.88150528  4.22596514  2.02166822
  1.75992344  3.11755721  3.96204446  5.22376897  4.72728924  3.72200398
  3.3526791   0.92839313  0.0810415   1.8384819   3.67397446  4.61100616
  4.0640777   5.74101956  4.53161161  6.59713625  4.27629739  4.57215826
  2.15619412  0.36015092  1.22170971 12.9456474   9.9490864  18.09655411
  7.27710589  5.02914471 16.72340244  5.04226929  3.46528902 14.13146398
  6.30788767  4.10458153 13.53068332  5.11138395  3.01528407  4.19852202
 12.20761602  4.40598137  3.95538293  4.8506475  10.98051539  4.21145101
  5.26719633  6.9533955   3.39115077  4.42494629  2.43187088  6.20996276
 10.86644391  4.84496598  3.02459147  6.23381818  6.5841542   5.19588086
  4.75741421  7.15183937  8.07866412  5.73756341  6.55816669  8.68543827
  9.89823411  6.54385013  3.46924334  7.39820792  9.69214257  8.35266908
  4.96018528  7.92867436 10.56472284 10.4051303   6.14600938  8.64888892
 11.39811483 11.78854442  3.55505923  5.75141882 10.2788635  11.87865188
  5.98016349  5.87600988 10.25183964 12.33314153  8.19676821  6.2796688
 10.11666953 12.80614755  3.62757499  7.40975811 12.24026863 14.65085657
  5.93580577  6.80762548 11.79482374 14.5271485   4.88344133  8.15212228
 11.8801943   6.31691655  7.30039617 10.63671008  2.76784142  4.49504038
  8.96293964  4.97801905  5.98658191  8.10194301 11.00591578  5.10372235
  5.46701747  6.37945669  8.40436523  3.76191888  4.49462992  5.64244461
 11.62323496  8.26105019  8.28695432 20.44656483  7.42729221  5.33323007
 19.00534486  5.61485065  6.19528009 14.80587408  4.70939163  5.65784902
 13.58394842  4.82717124  5.97229499  6.77881201 11.54853589  4.85849818
  7.36421202  7.50652767  9.81036339  3.44331195  9.58680053 10.91215182
 10.75904526  3.26574083  6.21496521  7.3036102  13.40664536  4.54877084
  6.85456067  8.60345001  8.14820064  5.21185508  7.96623141 10.1985276
  9.71388126  4.32763005  8.75063365 11.78391509 11.04788615  5.84729845
  5.16110672 10.4461708  11.95288989  7.21539323  5.74521301 10.80096812
 13.02686349 12.04434948  5.01938364 10.91550925 13.93371812 13.1555791
  1.38624943  8.56334374 13.45513557 14.37831459  3.34562983  7.98835531
 13.02751365 15.13973092  4.27903143  7.34616368 12.69446676 15.42301727
  3.2932437   9.72558422 14.95130978 17.10664723  2.84802302  8.16669277
 13.87798167 16.51899538  5.04614007  9.86341464 13.88536124  4.12668626
  8.55473398 12.66586387  3.53631575  6.30658069 10.89582184  3.2770112
  5.8134542   9.97600234 13.3384066   0.92157933  4.958313    8.15117167
 10.33098983  3.42551341  5.76491227  7.55312994]","[5.48685594e-01 4.67530459e-01 5.04477563e-01 2.81864880e+00
 3.07151186e+00 4.93190529e-01 3.10276267e-01 3.94929136e-01
 2.33000438e+00 2.66198377e+00 2.37121835e+00 2.22896360e-02
 1.96919376e-01 2.31599807e+00 2.06512916e+00 1.64430484e-01
 1.74807598e-01 2.43044010e+00 2.08807381e+00 2.14995760e+00
 1.31250887e-01 2.48056487e-01 4.01396762e-01 2.25058544e+00
 2.37958961e+00 1.33684052e-01 4.14058095e-01 5.75608877e-01
 5.92507329e-01 1.73642668e+00 9.94947164e-01 8.98229374e-01
 9.89062891e-01 6.61616274e-01 1.99828951e+00 9.47909832e-01
 2.77922423e-01 2.70780741e+00 2.84720534e+00 2.44084218e+00
 1.71165504e+00 9.52724325e-01 2.65199693e+00 2.32203245e+00
 3.46861130e+00 3.13884614e+00 1.26100919e+00 8.94932530e-01
 2.20949869e+00 2.65307869e+00 2.58317728e+00 3.41942042e-01
 9.43228991e-02 1.72082265e+00 5.61877406e-01 1.71216495e+00
 9.05825408e-01 2.76193581e-01 3.05594835e-01 1.49389138e+00
 1.64958976e+00 6.73681274e+00 6.04852338e-01 1.93005020e+00
 1.01381119e+00 1.82528549e+00 2.35466216e+00 3.16713057e+00
 3.00709782e+00 3.25974449e-01 2.27299606e+00 8.48040646e-01
 1.53030150e+00 1.09273521e+00 1.78380034e+00 3.54116501e+00
 1.70846880e+00 3.57911925e+00 6.61615797e-01 1.61614571e+00
 2.18107006e+00 3.00816144e+00 5.83662299e+00 1.38514966e+00
 2.63431057e+00 3.71779821e+00 1.40416117e+00 4.81263072e+00
 2.27824467e+00 4.39639806e+00 2.68711771e+00 2.37237961e+00
 8.19059610e-01 2.70410721e+00 2.38061943e+00 6.83198756e-01
 2.51649832e+00 1.41750994e+00 2.04724451e+00 1.06514990e+00
 3.03818680e+00 3.47514313e+00 1.02960109e+00 5.27987659e+00
 1.87079187e+00 2.84489586e+00 1.54434304e+00 1.32196094e+00
 6.17411444e+00 3.52207564e+00 8.39238295e-01 7.88043907e-01
 5.06763941e+00 4.04637833e+01 5.14013238e+01 6.07821035e+01
 2.38071855e+01 3.61778708e+01 4.92079387e+01 3.94512854e+01
 4.61775801e+01 6.68887157e+01 5.03006561e+00 9.70930872e+00
 1.26888373e+01 6.15874572e-01 3.20914211e+00 7.24480182e+00
 5.77255611e+00 3.73219754e+00 3.57878837e+00 7.20575186e+00
 2.06136760e+00 4.30345949e+00 3.04834176e+00 9.53584329e-01
 1.51392611e+00 2.65889942e+00 8.77028226e+00 4.14624117e+00
 2.37897460e+00 1.58608883e+00 9.57373939e-01 2.69737250e+00
 3.08908039e+00 9.56821492e-01 1.63301390e+00 6.72159393e+00
 2.72696808e+00 1.10217459e+00 3.63948638e+00 1.80114549e+00
 2.38685875e+00 3.35435930e+00 7.48473907e+00 4.03788977e+00
 2.15445763e+00 2.49801974e+00 1.26506010e+01 5.97381253e+00
 1.42640863e+00 1.08055267e+00 2.38194304e+00 3.12251783e+00
 3.92594034e+00 3.31402079e+00 3.03640068e+00 2.99003985e+00
 9.65072783e+00 3.48908344e+00 2.49821013e+00 8.18879613e-01
 3.58152029e+00 3.79936933e+00 4.37330133e+00 4.35478775e+00
 6.93727832e+00 4.69939847e+00 3.30629203e+00 2.27028578e+00
 1.10814688e+01 5.07012968e+00 4.69211621e+00 5.39575986e+00
 7.82783345e+00 1.09931183e+01 1.50890697e+00 5.42625054e+00
 7.71192483e+00 4.25745567e+00 6.33843200e+00 6.08951998e+00
 8.43431131e+00 6.05254280e+00 5.14014486e+00 5.66681443e+00
 1.42335695e+01 8.07996700e+00 6.50667613e+00 6.66948371e+00
 1.17387167e+01 1.08684545e+01 1.18383252e+00 7.30160044e+00
 1.56297841e+01 4.07505865e+00 6.68810354e+00 8.87319186e+00
 1.33989996e+01 7.44676652e+00 6.63602753e+00 6.60050320e+00
 1.12188601e+01 6.82557077e+00 5.80501182e+00 1.31085109e+01
 6.67384873e+00 7.07627783e+00 5.80813662e+00 6.91078331e+00
 8.96308352e+00 1.12913186e+01 8.53572938e+00 4.01348882e+00
 1.16843149e+01 1.77785666e+01 9.76097154e+00 1.36921532e+00
 7.81515656e+00 1.04402892e+01 7.91920150e+00 4.00961395e+01
 5.59059013e+01 6.10620072e+01 6.49946346e+00 4.27522315e+01
 5.92266141e+01 3.64027783e+01 5.45008770e+01 7.63531535e+01
 6.00014586e+00 1.36354960e+01 2.29499122e+01 2.08708218e+00
 3.20719686e+00 8.71221422e+00 1.02598587e+01 5.81066394e+00
 6.80004365e+00 7.51590228e+00 2.64379654e+00 6.72594260e+00
 3.09763718e+00 3.11396904e+00 2.33338948e+00 3.33426835e+00
 1.45669009e+01 8.52761045e+00 3.90939367e+00 3.90300083e+00
 7.27507258e-01 3.39403215e+00 3.75822956e+00 3.40520932e+00
 3.28837977e+00 1.06618584e+01 5.79858501e+00 2.41796944e+00
 5.03011918e+00 6.07818810e-01 2.82216272e+00 4.20684721e+00
 4.92249320e+00 4.38771814e+00 4.22431165e+00 3.98605750e+00
 1.61007234e+01 8.73833457e+00 3.28214717e+00 5.58765871e-01
 2.05389131e+00 3.84561582e+00 5.28462065e+00 4.49957371e+00
 4.90871184e+00 4.96420707e+00 1.01604711e+01 5.08077344e+00
 2.36940496e+00 2.35894908e+00 2.96192906e+00 4.42381286e+00
 5.76170282e+00 4.88170368e+00 4.24269946e+00 5.64062832e+00
 5.33055166e+00 3.15322945e+00 8.58675173e+00 6.51638132e+00
 4.70708019e+00 3.04780329e+00 4.23838214e+00 8.30286395e+00
 6.94669250e+00 7.66399888e+00 8.06820998e+00 3.58543592e+00
 7.84060545e+00 6.36206308e+00 4.22791978e+00 4.96653025e+00
 6.99544381e+00 5.34820166e+00 8.91210182e+00 7.70586545e+00
 7.42171460e+00 5.12467719e+00 8.84955517e+00 9.86612528e+00
 2.61035818e+00 1.03059794e+01 1.46138106e+01 4.01455250e+00
 7.55292398e+00 1.11785906e+01 9.96995906e+00 5.68018279e+00
 6.67852665e+00 7.53703654e+00 8.85532175e+00 6.82743941e+00
 5.64620576e+00 1.42421358e+01 8.19498276e+00 8.19205138e+00
 6.86136467e+00 7.87501791e+00 9.68146843e+00 7.36855187e+00
 8.77514066e+00 4.91960786e+00 1.75162294e+01 1.26816342e+01
 8.44145107e+00 2.82502170e+00 4.97215519e+00 1.32510802e+01
 1.09849113e+01 5.62912000e+00 1.08914314e+01 1.01674313e+01
 1.37519745e+01 1.80165942e+01 1.45972980e+01 4.03345547e+00
 2.80174530e+00 1.15109656e+01 5.00096728e+00 3.88163947e+00
 7.50177805e+00 6.25193138e+00 4.39891503e+00 9.72519566e+00
 1.24042196e+01 6.47503200e+00 8.83255503e+00 8.45630182e+00
 4.45126069e+00 8.58762157e+00 1.04842516e+01 6.03139474e+00
 6.18381571e+00 1.10543023e+01 1.22734266e+01 6.77119494e+00
 7.46478465e+00 1.03829376e+01 1.16666169e+01 6.87292176e+00
 8.78889898e+00 1.56606164e+01 1.33428682e+01 7.28691856e+00
 1.11531774e+01 1.41713170e+01 1.46235362e+01 6.41623595e+00
 9.39026167e+00 1.26288990e+01 1.29708760e+01 7.38707369e+00
 1.05768109e+01 1.37790759e+01 1.41809776e+01 8.35414310e+00
 1.20536288e+01 1.47719960e+01 1.49244142e+01 7.26420614e+00
 1.04279307e+01 1.34570778e+01 7.92808891e+00 1.10019901e+01
 1.40658432e+01 8.25787571e+00 1.13208098e+01 1.41258563e+01
 8.05615634e+00 7.71688913e+00 1.11579356e+01 1.39474175e+01
 9.84802773e+00 8.61067284e+00 1.05638818e+01 1.31168951e+01
 1.01697929e+01 8.43584432e+00 1.02477429e+01 1.23782999e+01
 7.93996872e+00 7.09996897e+00 9.30458263e+00 7.32425286e+00
 7.03759020e+00 7.24475016e+00 8.94964890e+00 8.29561726e+00
 6.94365623e+00 6.06037871e+00 6.84547318e+00 5.02498775e+00
 4.26096424e+00 4.56685998e+00 2.47197143e+00 1.96427954e+00
 6.18590460e+00 1.46222228e+01 1.20347866e+01 1.35812837e+01
 1.20513599e+01 8.35981881e+00 1.57398209e+01 5.20454549e+00
 7.94426126e+00 7.21855862e+00 7.29369629e+00 8.75250965e+00
 4.65890417e+00 8.76098905e+00 9.18415695e+00 1.04148737e+01
 2.99194501e+00 1.08544991e+01 1.39642888e+01 1.06501055e+01
 4.62158432e+00 1.15345977e+01 1.47575297e+01 8.98860697e+00
 5.87708096e+00 1.24461541e+01 1.48054436e+01 4.05049089e+00
 9.29537254e+00 1.25620612e+01 1.20399487e+01 5.62272593e+00
 1.01344261e+01 1.32838972e+01 1.39032384e+01 4.63673216e+00
 1.12736506e+01 1.47357575e+01 1.52981400e+01 5.29710037e+00
 1.09992172e+01 1.43869108e+01 1.39540940e+01 6.44236529e+00
 1.16699546e+01 1.50282736e+01 1.47813462e+01 7.31983198e+00
 1.34606209e+01 1.65574587e+01 1.54609707e+01 6.91281526e+00
 1.25923133e+01 1.56301970e+01 8.05286774e+00 1.29133761e+01
 1.58609001e+01 1.00216554e+01 1.42858696e+01 1.61276341e+01
 1.72435942e+00 7.46194679e+00 1.32900618e+01 1.57198225e+01
 4.30860200e+00 7.63188539e+00 1.27216551e+01 1.51069721e+01
 7.74006737e+00 8.84724400e+00 1.24930327e+01 1.41483914e+01
 5.05801756e+00 7.45273772e+00 1.13172271e+01 4.75079815e+00
 6.05270332e+00 8.86062607e+00 1.13341835e+01 4.02613574e+00
 5.90338363e+00 7.28308267e+00 8.47208855e+00 3.21919516e+00
 4.36749661e+00 5.74646302e+00 1.97683757e+00 1.93160211e+00
 2.81110071e+00]","[ 4.28609802  1.07679092  1.8236058   1.43195426  4.47109061  5.86475315
  4.75513807  3.40921979  2.66611929  4.60335864  3.36230325  4.10469868
  4.44986552  2.14460503  3.59095851  3.33980471  4.33537813  4.40323013
  3.0626596   5.53794189  3.35539172  1.28104665  1.60956727  3.43485561
  3.5581347   1.25624859  3.7296515   4.63609642  1.48926301  1.19370514
  3.97951456  5.56159789  6.58380404  6.12701463  1.61707516  2.50070056
  3.44972915  4.34586148  1.7178586   1.36123529  4.27967007  2.47487047
  4.8037472   3.31645154  5.26927636  5.27273064  6.4469017   6.39204711
  6.32287564 10.5963267   3.51494701  5.28125995  4.77947892  3.01282478
  4.58231096  3.96948393  1.47938043  6.08897732  2.99995165  2.63876658
  6.11993134  4.77922406  6.20035897  5.8787049   6.15971369  2.14960089
  6.51128134  6.09828021  0.65479974  6.01218535  3.11804742  4.03218631
  8.43316346  4.208525   14.109123    2.60297303  4.15185553  4.98054085
  4.34902622  4.92716608  5.84605584  6.41155203  4.49156782  4.38692299
  5.59014679  5.42447819  8.7824513   3.83053682  6.48820605  4.64449551
  2.30025684  3.21627148  3.10280395  1.81303352  4.029738    4.10901118
  4.82673928  1.90089842  6.23941876  2.63327575  3.63938017  3.65511169
  2.18654162  6.06139917  2.89052509  4.85242899 11.61930498  4.29607639
  7.77001225  4.89344831  4.99785036  3.05411257  4.6702861   5.38062186
  1.8324829   4.02136146  5.26275881  0.90958893  5.20875482  5.26754804
  2.68802275  7.1122805   5.06269539  5.28562273  4.89916391  6.24309187
  4.86605766  2.43931556  4.60557002  1.96831312  4.02254549  7.79638186
  0.90861651  4.72009381  1.84826353  4.44484961  6.19513848  2.43969629
  6.9955458   5.68375191  5.10255907 10.63123613  3.89797073  7.53058935
  2.66671401  6.94650924  4.22352724  5.46134571  4.05756758  1.06545936
  4.91816317  1.7345025   1.9507775   3.75254864  5.69930709  2.62925368
  7.65616855  6.34821599  7.28303732  2.35156792 10.8084977   9.61272303
  2.05202943  9.14496989  5.07466888 10.79753059  1.81584655  7.47615478
 12.5405495  12.8915887   3.22141067  9.06054661 13.02217794 10.6012401
  7.68517631 10.25285227 10.74940406  7.6339708  11.55652935 10.5217057
  6.48812368  7.75680297 13.40539885 15.67613627 16.07431218  8.01498269
 14.94157254 18.1294223  16.08284985  1.83096978 10.65399545 15.18497187
 17.23496542 13.84349095  4.55127946 11.55588966 13.30212587 11.41420979
  9.5845846  13.37365872 15.35286912 15.10683963  7.98044232 11.38071289
 16.11397593 17.24009213 15.14579057  9.04234753 12.84574901 16.76054646
 16.93765637  9.70894627  8.48117519 12.05519718 13.88631263  4.25263991
 10.06380988 12.64918183 12.81542074  8.57202023 11.72197921 13.48583376
 12.23164951  9.21457857  8.51993513 10.18586295 11.35960037  8.76993554
  6.01073313  9.07210941  8.99052346  7.96581183  7.18643668  8.62952927
  9.41175811  7.51385977  7.8589783   7.5970188   7.89462231  7.31940542
  7.51401038  9.39498626  8.75241127  6.98724805  8.36793227  8.21594831
  6.70948923  5.99879572  6.75854724  4.93828738  3.94021176  5.05320204
  9.85476618  6.04834871 10.41012451 11.45167441  5.97939227 10.58105522
 13.37934202  6.87307137  5.05309128  8.44566893 14.30629088 15.97232135
  2.11170212 11.80127443 14.39630408 13.34944461  3.4375379  13.76379693
 11.82317058 14.66739709 10.39609959 14.56000922  9.70842263  5.42378948
 14.0500118  17.01688039 14.98841362  9.05746677 16.97659316 19.09880903
 14.7125406   7.20380987 11.69090656 19.03146468 19.2317404  13.23970952
  4.56300506 13.01261632 16.653147   14.28555519  9.40404751 15.16677463
 17.24379828 15.0619555  10.50181163 12.40254176 16.8857784  16.60667048
 12.79927478 10.77878782 16.03001215 18.75682868 15.00821278 10.0144085
 11.36339414 15.13832862 16.20792611  7.92862117 11.15210734 14.61072517
 13.8748349   9.35938649 11.49370349 12.64379187  8.76937243  9.45934285
 10.10673721 12.8473826  12.93663099  8.701141    9.84212986 11.57474647
  9.94890888  6.92638313  7.55772119  9.98610229  7.77427805  8.2030409
  9.12185655  5.5400358   6.747734    7.72338311  9.08655045  8.08844127
  8.34961402  6.96681432  6.00798547  6.39564126  5.90347735  6.4610531
  4.6634961   3.38472768  3.96258105]","[ 5.10471495  0.76240864  2.67545384  0.47708555  3.40099016  2.87190089
  0.453507    6.72662652  0.96441113  5.72849076  2.69313824  2.57326888
  0.80675971  8.07380007  1.4596471   6.00669833  2.25696836  4.87581667
  1.13560182  0.93568745  0.96118085  8.33913775  2.60445719  6.14713756
  1.75057593  5.63845264  1.69888864  9.13376121  1.64104694  1.22720102
  1.44593863  1.33608537  5.44735613  2.19905406  4.99715539  6.62071
  0.98185735  0.71080413  3.38246136  1.88764302  7.00539213  2.90626535
  5.23633153  1.29738008  8.06710301  3.8011071   2.89503811  3.29800371
  2.13685864  0.36762006  8.12410512  0.59077057  4.60557265  8.46203991
  3.19579266  5.51844116  2.38171998  3.62143278  3.7025446   6.17679826
  1.8707184   0.77231697  2.61367295  2.92812638  3.10797582  5.35487111
  3.27967601  2.69421011  1.53277767  6.83592547  2.03768387  2.30798763
  5.13187637  4.12517048  7.87526607 10.27933079 10.80625045 14.21621288
  6.57688387  4.05780714  1.50018403  5.76417344  1.15685842  1.61816437
  1.12460843  1.00243937  6.27888323  3.65822457  6.88297281 12.45234656
  8.96554966 10.23595827  8.25618053  7.15566299  4.53504599  9.87467798
  4.45163299  6.06404155  4.86819418  9.24919019  6.40174497 14.81644117
  4.72162682  5.32391497  3.65394525  0.3565918   2.8538913   2.55624973
  3.66508385  3.67706186  3.02780137  1.92377711 11.96206298  2.50988057
  3.19549688 12.59499172  3.91776749  4.54565283  1.38852282  4.75725131
  5.90968224  7.87211042  4.390411    1.93202761  1.35711194  5.10539446
  3.55550606  7.00717646  2.91017228  4.0973927   3.79036105  4.08790817
  0.83220859  2.53628197  9.78141832  1.02813677  5.85251206 19.86806887
  8.40460327 13.47365813  1.81641352  4.34297497  1.00415797  4.2568009
  2.41112375  0.43145979  1.54461003  2.78700932  4.24275746  2.62314556
  7.59108241  6.8585196   7.44929725 15.90728045  7.12672819 10.60866324
  2.97247128  8.37175353  4.79764526  4.06622632  4.72148315 10.59802924
  3.67423224 10.80216847  7.6809675   2.374136    7.8762655   8.36408805
  6.52816567  9.30576646  6.00574283  3.66442111  5.85755582 10.28100666
 12.25056024 13.77767349 11.51252611  3.48873773  7.50492882  7.41204209
  9.16447394  4.20071863  3.06842322 10.00110135  2.0693166   3.34462372
  4.54801769  9.46449235  7.57947001  9.56017933 10.71035518  5.39175394
  3.9168762   4.49865802  8.4682818   2.76425682  0.81251871  1.33454539
  5.51007498 11.16385603  5.12847182  1.75023709  9.54450153  6.30491688
  7.69416884  8.42787363  5.63525631  5.00951422  5.46002794  6.06575888
  8.57325971  0.81375214  0.80140652  3.9156499   7.06514966  5.5940141
  5.48872659  5.58447224  8.64381852 14.90245191 10.26718973  6.30579474
  5.5801629  11.46810687  3.90145361  4.43262004  4.05754257  4.25694652
  2.59128106  2.25054866 11.14505511  7.31737358  2.12075039 13.36289059
  9.05680491  1.0234312   1.39720677  8.26169474  8.92167964  6.87334658
  4.86433513  9.90024988  8.25273577  5.78161515  7.93054282  5.73655021
  3.83085088  4.2635259   3.13116281  2.29470579 22.22143691 11.62330941
 10.5031451   2.70400758  7.69391053 14.59266073  7.93064441 15.85517814
 14.28280761  8.96139918  8.79961672  0.45395031  8.12447534 17.77208796
 18.99286398 11.30501144  7.23337169 10.87455641 13.69510741 11.33805993
  3.19585541  6.68061495  6.38439293 13.3753719  11.90203205  3.04009981
  7.93718672  0.89466247 10.14703532 11.2427371  13.738756   10.56408758
  7.12025567  7.69268706  8.23727868  7.76919142  9.04431531  2.90792334
  1.13886901  7.23104127 10.86880588  1.70691491  5.97186581  5.96775335
 13.81422739  5.39453409  6.8036638   7.80452649 10.01234375  5.2355294
  5.43544309  3.36069318 12.21217117  2.64687641  1.800907    1.54742706
  2.48463665  8.74625561  7.69409218  8.33213052  5.94097248 12.27302037
  8.92011249  6.59953064  6.7843806  10.71511961  5.97151889  3.25940994
  3.49602917  6.058109    1.16507127  0.91946824 10.74800803  6.26417781
  3.9352723  17.64990932 10.82628458  3.88471308  0.31992891  7.29709122
  8.26199225  6.04842116  4.17321931  9.68308283  7.10775321  4.58079935
  8.40263847  5.74877666  3.25605005  3.15252182  1.4241418   1.68760378]","[ 0.93123849  4.81882288  4.01669465  4.63755453  4.52925423  5.50542095
  4.46678138  5.89650444  4.2865558   4.11922856  5.29556517  0.76934239
  0.40668731  2.09920235  3.16340017  5.66193877  5.52231015  0.51179956
  0.57048272  5.34072069  6.23387286  3.0891171   2.81208228  0.50188254
  5.93776609  1.37560109  4.23530047  8.53260122  4.61198881  7.51989888
  1.07564683  4.1972738   3.37049999  4.79788634  2.79455877  1.65244493
  5.83321866  5.22660969  7.86548741  2.0575909   5.63487818  6.0342247
  2.34558746  4.0535387   1.44039872  5.41753116  3.647975    4.63847656
  5.88815661  2.69490041  4.11502599  3.69923657  3.75008626  3.94647513
  1.94622662  0.32862334  4.09545512  4.20197817  5.77357799  8.2892467
  6.34908125  9.75780372  1.83624449 12.00188563  2.88844096  8.71960914
  7.43583143  2.79160881  9.1393347   4.43448635  5.95604483 13.04183633
  6.83099457  5.85790574 10.45834299  1.18781046  6.26511011  3.29824589
 11.51659463  3.41621992  7.30928471  4.09348094 14.40663715  4.15534763
  3.73767353  6.4056654   6.13111212  2.17404706  3.71575081  8.94542639
  2.09119348  1.92690011 13.25705054  3.81625735  8.09706928  2.41478839
  5.08219142  5.14560228  6.33250981  3.72643182  0.5900975  11.29105122
  2.5273733   4.89066512  5.03408486  6.25030676  6.78777065  4.73601269
  4.72388672  2.1852287   7.4560023   2.3713818   2.73261157  4.42165952
  4.64120266  5.36310758  3.85308186  6.64869879  3.90152564  0.44620004
  3.23197525  6.11209038  3.3865008  10.24352796  5.47412006  5.37613919
 13.88012542  0.48890804 11.59063477  4.9274975   5.91895915  5.9851753
  5.00783927  5.92282735  1.60710114  4.61975862 13.25812509  9.41051657
  4.41852138  8.97409134  2.11315508  3.7232134   1.75764478 13.76924578
  3.76218446  4.74497375  2.52587121 11.19064016  6.56503582  1.36013853
  2.34094115  6.8421163   2.09362889  5.66327683  6.4561791   3.59517941
  7.5102654   8.18496673  8.11831161  8.16915168  9.10983293  9.36986674
  6.18539095  9.77052562  8.93525822  3.6623987   5.97181144  4.41302037
  5.50215181  5.9136009   8.60598809  8.4466971  11.03402401 11.36380568
  9.02675682 12.33419523 15.10535106 12.40093536  5.15698541 10.36370516
 12.05833411 11.10658613 12.41503503 10.55548339  6.53099734  9.11233637
 10.43201551  2.23194459  3.23770268  3.68417478  5.29110782  7.08597538
  8.35337163  8.46239921 11.57595024 13.3090677  12.02700057  8.5586109
 12.75119055 16.55509843 16.41362553  1.46693959 10.71661501 14.93325348
 17.20551767 14.9790911   7.47083643 11.02878348 10.86116443  7.79226899
  9.97700604  5.42465824 10.70431769  7.68446363  2.40470218 12.61445553
  9.83184062  6.37774016  5.05042415  9.42091188  6.90831641  9.3508332
  9.09383455  8.92255449  9.76339698 12.97942785 13.38968274  9.13025965
 11.26531448 15.51676648 16.57854706 14.71718144  8.27882525  8.522319
  6.62553779  4.9436852   9.03578811  8.84498554  7.25541065  9.78429349
  7.33582683  7.52206208  6.16971129  4.64623417  4.03991083 13.25748368
  8.93541386  7.49641105  7.22474695  7.17196245  9.12927195 12.01110871
 10.38832985  6.7564117  12.8699804   7.02947939 14.46189226 19.78389752
  9.88814109 12.99712114 10.18804129  5.12219986  4.51530375  2.70889302
 12.71476442 10.26000677 13.3641055  10.09890102 11.06420117 16.53704543
 16.89362885 10.46743057  3.43602604 13.65083422 16.43134997 13.67709115
 10.35815247 14.04754762  6.69482375  8.75691877 13.04058472  8.47052708
  4.80291479  4.01266343  9.08464517  9.09680425  8.6491331   9.20626407
 13.88595358 14.68243134  9.79525832  9.54878753 14.61743741 18.34212795
 15.80147864  6.29380479 11.77160492 18.1809121  18.08044015 15.22668415
  3.87355644 14.2656207  12.84746009 13.73949918 12.0607796  11.7625262
 10.8942688   5.57877096  3.36683613 12.12648477  9.00350115  7.14936594
  6.63904384  8.91978022  9.59654776 11.03826184  9.73112502 10.18830567
 12.57486336 14.60888669 13.21802001  9.1363198  12.45777805 17.30723651
 17.24993074 12.43031313  6.09769207  7.32314795  5.88400664  4.62538099
  7.72644537  5.93545652  5.97064768  7.57606992  8.05406763  9.17646187
  6.70348843  4.95086179  4.28014105]","[ 5.19079011  3.75113709  3.43317399  4.09601428  4.05440373  4.75398412
  2.06120579  2.03004735  2.30950094  2.30110064  2.55838246  2.44338117
  2.43261672  2.26367482  1.80815402 11.84280626  3.98690093  4.62632658
  2.38614291  3.38172827  4.79115925  3.49758936  1.66486556  2.09172916
  3.61696748  4.02987391  1.23454436  2.94266443  3.07467175  2.08414188
  1.81641884  0.38083509  0.18245034  0.2676891   0.28322828  0.28760026
  0.33169801  1.73127015  2.18313379  3.32735169  2.82600699  1.0311314
  4.30879508  4.82121003  1.33513422  2.25169123  5.27229359  3.18492404
  5.02938027  5.27334528  3.16549141  4.02646905  1.99002845  9.64429166
  4.25278947  3.69521155  2.06304516  2.78750046  3.98818339  2.7033655
  3.3219171   1.69941025 14.89931882  3.51941802  1.79714503  2.59715635
  1.82090982  0.82584554  0.67122301  1.76286394  1.48525407  2.19556653
  0.97534344  0.98685506  5.20869581  0.91480675  1.23111283  0.54636668
  2.23216285  0.44292252  8.34823017  2.92805302  4.15974175  8.8757412
  0.90915577  3.70458936  1.52043343  3.66862693  1.67633747  2.774345
  6.27291944  3.68599133  3.35049184  2.38022968  3.47308877  5.0154039
  2.29779601  6.30513123  3.87505792  4.73941707  6.80907042  4.33822955
  6.8786196   1.26294504  4.99479236  4.58920328  4.61526536  5.73939553
  4.136601    1.49091576  6.61306005  2.5862771   2.02823936  4.63138738
  1.83527249  2.89915767  3.35865707  3.23451082  1.96733822  5.8162645
  2.78874436  1.70814576  3.63007283  0.50448593  1.63579476  0.72615559
  2.01266219  2.01050308  4.23055206  2.83694826  1.84635913  2.61771322
  2.36476759  4.18876563  0.9287309   1.79150285  1.8076832   4.66196528
  3.03801262  4.96987058  8.27653502  2.70040014  5.57411972  1.16627777
  4.38775655  0.77517676  1.90383859  6.40645504  2.81908612  5.23122794
  3.66551225  5.31997032  4.40968476  2.53001928  6.9162121   2.61279562
  5.39519607  7.84815841  2.97569746  6.22500477  8.59360466 14.91956441
 18.19895615 16.21379077  2.54232173  9.20584778 12.76508414 11.35404491
 12.46612802  8.11054623  3.3423644  10.47960643  8.59203276  9.90059469
 11.29091368 11.15484354  9.06539458  7.50583863 14.06447752 10.31757369
 13.7742979  15.50606584 15.18309481  6.79499009 13.35335042 15.73434605
 16.02055967  1.7583859   6.8430578  12.23218499 12.2520914   6.70254893
  7.82784296  3.11558682 21.67120164  7.66910377  7.45694031  6.57933872
  6.37103273  7.22780094  8.15006243  7.95339807  8.33997218  9.15581549
  7.66157902  8.94587528 10.43500692  8.75250774 10.22520933 12.42053313
  7.12166142 11.05105781 14.1542229   8.30577046 15.36183302 14.97556155
 15.15892044  6.75871845 10.75159019 14.27774245 15.31535241  5.57775489
  3.33332531 10.36383577 12.09961508  7.21196651  6.18813554  3.85792205
 10.63675305  2.07605733  4.43534112  2.40122571  7.42233544  6.55319645
  7.12494456  8.5758696   8.05269053  8.21148371  7.79753438 10.96365097
  9.08302636 10.84019904 10.97775022 13.74543519 14.30512981 13.68753497
  8.32714863 11.11602569  4.8009296   3.35523825  8.89009943  9.43624917
 16.07825886 18.95371706 15.54234815  1.83791721 11.72510747 14.07034148
 15.02568392 12.71284431 10.88250374  7.09782502  7.32328433  7.97635551
 11.25467442 12.44465451  9.59857053  9.92969254 13.03624783 14.20484294
 11.28153005 15.94263808 17.44845466 14.62109897  6.16661317 15.22579782
 18.07969907 15.74592026  5.08403378  8.11375135 14.88331026 16.50309994
  6.58356287  8.86541569  6.43140008 11.29883823  3.93073279  6.1428518
  6.84146859  7.27801459  5.18491184  5.3366474   7.43228826  9.2417414
  6.30611206  7.49962772 10.16852844  5.59915475  7.80386543 12.21224347
 14.28077769  7.8437882  12.6067729  15.34519078  7.64606797 13.54995612
 16.34102167 14.95434606  5.99476288 12.95097137 15.50446126 14.72932753
  8.28453219  6.72439089 14.5539602  15.80850122  5.34370456  7.56291325
  7.16392635 11.02332064  4.00786915  7.29163799  9.11026264  7.97503188
 12.97129686 10.17642049 13.29160018 10.71812834 12.23630802 14.98759625
  6.80386778  9.18014218 10.35815681]","[ 4.50289741  3.1109515   4.67792079  3.55363936  1.789137    1.90754993
  4.08469717  4.28508207  2.67051079  2.36988937  2.16797648  2.55424854
  0.34740844  0.05226681  0.22736318  0.33731419  0.0829105   0.31995578
  0.29510643  0.88594523  2.36991642  2.53723459  2.82231633  2.40155503
  4.29287471  4.73730138  2.01065635  1.78530293  2.68056772  3.98590281
  3.18397652  3.57069265  2.42595782  1.10088004  3.92117553  4.65736263
  1.90902897  2.26156682  2.35939671  2.74727775  2.53587098  3.19138394
  2.40893643  1.70641533  3.76654201  5.09584854  0.69262323  2.26013793
  3.08822231  2.59374155  3.452715    7.04783759  4.5110201  12.17013352
  0.63854212  6.69193414  1.36107731  4.10748923  3.76441982  5.67173029
  5.4911199   7.53622279  4.09596968  0.9205312   4.56502022  2.30211883
  3.24067058  2.50934033  7.87914617  3.47687748  5.46958634  1.67988073
  1.72026074  0.73847212  2.53225694  1.47683999  1.96807016  6.70714722
  1.99755464  4.04422052  4.28657074  1.30312418  1.70054785  2.75205296
  2.62695667  1.31793685  1.13522227  2.84660558  2.39478273  6.04236596
  3.69522772  1.62588602  3.59929642  3.85681801  1.75815946  2.17025799
  4.02728503  3.35397957  4.09383139  4.39463055  3.72871573  0.80985004
  2.66119412  4.26801423  3.28394911  3.65308     3.24941257  4.18417423
  4.87928845  3.7880923   4.9099234   6.34487959  1.95165344  7.82461485
  0.77924872  6.19426995  3.04319809  4.95270856  1.502276    9.91614065
  4.5415639   5.59409384  5.02147226  1.6235452   5.30895133  4.3499837
  3.64701659  2.71556597 14.96475256  2.77773483  5.5090613   1.93926308
  3.13833663  2.52670701  2.83004     1.87052624  2.67927262 10.51827076
  0.91061743  4.08081433  4.89680725  1.62537658  1.71145761  2.15764397
  2.06512014  2.08018383  2.83712907  2.78086776  3.23190894  7.78282787
  4.35089227  1.01659635  4.52475252  3.76007593  2.69169975  0.82672578
  2.86554417  4.32560362  6.01433461  7.89127881  5.19740916  1.60763848
  4.59426727  4.70418712  4.31572207  2.33046241  3.79463068  3.11542715
  5.19011493  2.30599561  0.360448    4.24736995  6.48630443  7.76199357
  9.22959416  9.68309148 13.00920331  7.12576517 14.10629987  7.40512237
 10.54567957  7.37939598  9.28818734 12.7062643   4.53345677  8.8455713
 11.20549237  5.35173275  5.19978399  6.2339991   8.07553697  4.63817379
  6.02645332  7.77484896 10.76415324  5.90528573  7.16055198 10.52132388
  8.99295928  7.86438577 11.17741768 13.73746224  7.82700629 10.65768123
 13.4894513   7.79514436  9.74812891 12.65582685 12.9960248   6.46583488
  8.05952746 11.05795092 11.86826735  9.6634097   3.79623321  6.8100265
  9.22784107 13.84504253  4.30063012  3.43596    11.45733005  6.69004087
  6.92097034 11.68666798 14.38498478  8.39900942  6.55795056 10.33026438
 12.94872623  6.55619183  8.50211334 11.30223477 11.81582904  5.88320871
  6.35155012  8.79743481  9.79466834 10.44464651  3.56722728  5.10295698
  7.20991023 16.29624702  4.8804085   4.16374466 18.63860565  5.4438239
  4.529263    6.7660301   7.67641023 11.91461317  4.69436634  8.50231596
  4.72399585 18.53947924  7.36469964  5.37429016  1.56962206  1.28555675
  2.30259997  4.11139165  5.72179419  3.08097621  5.04849444  8.9012185
  4.02138639  6.05979799 11.48282194  6.02193785 11.46220257  4.99637882
  8.24645846 15.37937257  7.45870437 12.54491982 15.5296514   5.03201207
 11.80461421 15.09015471 14.21190801  7.46661322 13.14953105  6.46949004
 13.83239628  0.17246016  4.64366206  8.74256191 11.07301935  2.14653891
  6.05155388 10.37922128 13.53540987  4.81903952  9.01931116 13.09265017
  4.08564967  7.81644836 13.58546218 16.2762592   7.66414717 12.81202494
 15.57163829  6.5984229  11.80065172 14.64200331 13.74095567  4.39077953
  9.64179828 12.24857382 11.90739487 10.18265057  4.3160729   9.79072538
 11.2547815  16.65896666  6.00482884  8.05307842 12.22938292  2.64074428
  8.16970493 14.39763789 17.13408736  5.08474095  7.29899607 13.1257982
 15.5294424   6.42935632 11.06275264 13.67252808 12.59753225  4.52382001
  8.73953601 11.2901579  10.03735522  9.85437538  2.77473985  8.58016662
 11.27278701 17.18591878  5.26091691  7.48738575 15.07055998  4.22712349
  7.86589334 10.2379316   9.56599944 10.69591247  3.46821686  7.34790324
 10.16252806 19.16859332  6.82914704  7.6438298 ]","[ 0.57071372  4.65204167  4.00772681  4.83983208  4.5028437   5.97646613
  3.94539869  5.72611379  5.35963196  4.0374263   5.18129492  0.96673607
  1.99059505  0.67118862  3.61151878  0.55987564  5.54471845  6.26986904
  4.69172917  5.20453781  0.30073593  2.82733011  0.23128438  2.74549211
  5.9648178   9.38421593  5.62322368  9.11656851  2.29126949  4.35902658
  1.48945627  7.18136153  1.73407827 13.30571319  3.98765928 10.31193253
  5.76161844  8.50569642  5.13004588  1.21485542  3.08212714  4.88284113
  3.64849657  6.72535648  5.57964239  6.93791495  1.42135681  4.14490081
  4.42404343  5.38426389  4.61477552  8.72689095  1.6930374   6.30456533
  7.17383267  4.99806327  5.3402082   5.33878745  3.2977811   3.03010759
  3.25468597  2.19222697  6.87620728  6.79265304  3.50686572  4.38107216
  1.03620194  1.36315594  4.35576498  3.55412564  4.04800323  4.44053763
  7.51647853  1.89230706  3.48313569  0.60646374  1.68721349  1.21131551
  3.02563233  2.34753875  6.49756743  3.01692862  5.30919139 11.82764239
  1.25214366  8.24463761  4.11005028  2.08084212  0.9340137  12.64694349
  0.35863943 14.5603673   1.18745288  8.88897572  5.72507336  5.28307313
  1.73591229  4.37194782  5.01537009  5.12464927  3.73640702  9.40694684
  4.14474608  5.14066458  1.8867335   7.8308679   2.35887726 10.06647425
  6.87298508  9.04849976  2.64951265  7.41435205  4.57429249  5.89558797
 11.17023661  6.62824905  1.67969192  6.29302349  4.97330575  2.96103248
  4.81162586  4.90157028  6.35269001  4.5920952   1.16385998  3.36655724
  3.7458017   4.08964625  7.86330852  1.05561     5.56914657  0.79069284
  2.09933958  0.83162701  1.83855846  2.35362996  5.53669062  1.66124564
  4.91107578  0.59526185  3.94715996  4.49180678  4.13601675  2.18623069
  3.25362176  6.84387014  9.99863959  3.05151391  4.37213593  8.58391043
  4.44287662  7.48932823 11.79048908  1.73058559  5.87959613 10.4739448
  6.11972804  3.51906008  9.4126772  13.13752816  4.71836985  7.17870542
 12.094838   14.53260615  6.24532087  5.6645064  10.20250932 12.35777586
  7.92846593  4.61123288  7.39332212 10.14338621 10.30598555  8.63300992
  4.91144682 11.11348258 14.20068504  2.34558325  8.35807352 12.35048976
  4.0874828   5.60049056 10.3183079  11.80570851  6.07601889  3.10286608
  7.0768224   9.43138619 10.97182667  4.07651905  3.08243445  5.96139693
  6.39934568 13.4182188   5.29650916  3.06001536  4.3089762  10.33304719
  4.37827107  3.49757641  9.64950973 12.57295873  8.3526948   1.95734685
  6.17413874 10.4935931   4.86017313 12.28847564  7.12795773  8.94972502
  9.81583124  3.88579575  2.74763374  5.89903406 13.59123803  6.08293236
  4.05218515 13.20206956  7.62847106  3.96141705  1.98667077  6.83069285
  9.05432502  4.09760974  3.2272172  12.81942181  7.62566829  7.86063664
  2.68730692  5.48316679  8.14659607  4.23099297  6.0986211   8.11468444
  1.58429454  5.30811697 10.14041029 13.21525558  3.22535538  6.84389113
 11.54472691  4.44423709 10.29216737 14.46489991  4.15815334  8.93836598
 13.35118246  3.72366562  6.30045712 12.49167814 15.99937629  4.13463963
 10.02653999 15.25821669 17.51760858  3.29574819  8.0103004  13.40717552
 15.34733193  8.42921552  6.09167641 10.14932095 12.547336   12.00273907
  3.42683774  8.22921541 14.01743333 17.08154121  6.67304124 12.06293585
 15.60209924  2.34566025  9.1286469  13.8560439  14.70167942  6.2625957
  5.95036388 10.40662211 11.99789568 12.72413005  3.88541974  7.39995683
  9.46031194  9.39910735 12.46806513  4.98258823  5.74885887  6.75287498
 10.42098288  7.88295589  1.74206855  7.58091731 13.16179116 15.36162358
  7.18933723  2.94667074  9.67762182 13.23470343  4.14266733  5.90079449
 10.53120243 10.55593559 10.7913357   3.19517735  5.98004289  7.588782
 14.27237635  4.85256071  5.16410056 12.52038555  9.54730778  2.95506372
  5.44114866  8.33720495  9.53023687  3.12711379  5.13915131  4.05133183
 13.36497022  6.48215204  4.58281048  8.16701128  3.85543192  1.91160203
  8.20620046]","[ 6.43863194  4.0592111   6.91844732  3.93504591 10.8300375   1.3387915
  5.41517636  1.56044107  3.53635993  4.12831094  3.77270056  3.8784195
  5.41940314  2.39594219  2.94075424  3.5959068   5.13333216  4.24393781
  3.26358359  1.83204912  2.99646217  6.0275037   1.33897748  5.34699241
  3.48070809  6.66999601  3.7809803   7.04239363  8.78414853  4.83799732
  1.33813573  3.51280116  1.73557253  2.68069281  2.74778541  3.44841035
  8.53265318  0.80519699  1.43113626  4.63986362  6.99194674  3.02169065
  6.84943085  0.94970106  5.62313762  0.3391895   7.5717304   0.33707798
  4.52600807  3.22842835  2.62484214  2.35671376  3.30543196  7.77044308
  5.07971859 12.04970878  7.62388096  8.08764673  5.4911685   9.23443162
  5.91590585  6.99567357  4.86623425  5.34635923  7.54054778  4.29844617
  2.36011383  4.64837549  2.43680846  2.50348547  1.03960926  3.53471602
  3.32938097  3.90818977 13.28145133  7.85209997  3.08760923  4.08071007
  6.58217501  1.11673795  0.90166425  1.23431101  2.94868854  4.9957584
  3.87692978  8.73762437 11.34158718  9.1748163  15.36292611  6.27418074
  3.78481553  7.38236287  5.23991824  1.73314245  3.84719579  0.65963326
  1.09944191  0.47299114  2.5176976   1.38218868  3.27683203  0.94310754
  5.55157599  3.43234223  2.39081214  3.89033254  3.64261065  3.94854969
 10.59972507  3.34602038  4.51452894  5.77752435  2.34449911  7.20171669
  6.48431212  4.51665505  7.85763519  2.53052224  8.89785651 14.36178676
  5.2655737   9.78719644  2.06191616  7.00998985  5.37668579  3.55734401
  2.52023694  9.09048013  3.56060454  5.28608325  0.79837239  2.79465161
  1.74873547  1.50899758  2.2209729   2.49988526  4.40686638  3.79397549
 13.46061676  8.8662349   2.49096632  1.66442708  3.91513863  3.19032601
  0.94044653  2.31729366  4.04958375  8.62917986  2.44820944  8.3476236
 17.10021689  7.55497088 13.49111833  5.7808514   7.77159535  5.18233337
 10.93963591  1.64844764  2.51636094  2.21543154  1.40906298  0.77110026
  3.8870397   0.756344    3.07998052  1.24516673  4.37098143  2.78472676
  1.78868102  2.87005609  2.89736345  3.64776946  2.4091041   2.44287284
  4.21357564  9.93894979  0.30775073  5.61787799  7.95835701  4.31504831
  7.04750253  4.30136048  6.53755352  0.28575109  0.61569588  2.18124249
  2.28650138  1.60636143  2.97894631  5.68490393  7.79293995  2.56215231
  3.29821466  6.7908236  14.95089496  0.48165752  3.22824915  8.13540917
  0.93710929  5.56367056 10.0538007   3.88179725  1.92685998  8.47964631
 12.40709644  5.20079681 13.78776468  9.35872481 12.94940374  2.21057873
  4.9512     11.02854499 14.25010836  0.62691982  7.41690659 12.10324889
  2.85608444  8.396877   12.19573364  4.09919266  3.44330957  9.41196324
 12.31429775  8.28813295  1.11501094  5.21751578 10.26183543 12.04794144
  5.28422204  1.07662736  6.90374143 10.36517909  7.44194669  1.89953567
  5.94267359 10.23097225  5.0418985   1.13679401  6.90415915 10.27966375
  6.86823263  3.800849    1.83918594  7.45932191  6.06661645  2.46863499
  3.1700925   4.7795501   2.76208062  7.19320105  8.92955895  7.88065987
  3.83890808  2.21957702  7.34445716  6.0320113   2.63821582  3.0718843
  6.95707005  5.46111741  0.69069703  5.47443019  3.67623404  9.28656601
  4.04451274  3.27660565  7.93796983  2.87558834  5.81193811  3.75299972
 12.89640976  7.20682922  8.37103186  0.81847616  2.81940147  3.65794746
  4.82381579  4.9678408   8.00296544 10.21524732  2.72796805  4.69530988
  8.87818235 12.38418731  2.67972517  5.96421125 11.15680828  3.40088844
  8.53179244 13.33797058  2.44936095  4.94468791 11.40651024 15.38645169
  3.13650624  6.15969696 12.72177361 16.15363     1.08433512  7.76890286
 14.12095931 17.17820384  4.86897557 10.9859422  15.15588325  5.24071384
 11.69714179 15.6380514   0.94943905  7.1083149  13.03675674 15.47909041
  7.88777572  2.54074263  8.97867692 13.42200318 13.95604572  4.27310561
  4.07019978  9.39783385 11.39571736  8.44674496  3.56252017  9.60410815
 13.23694773  4.22610029  4.33840669 10.239411   12.06002805  9.00892987
  2.36611961  4.28978355  8.66273223  8.11517595  6.78097256  1.39459792
  4.26135737  4.72607249  4.93989089  5.41717828  9.91379357 10.32655015
  8.81709392  2.86850412  4.50654535  8.37105275  6.41490768  1.14942157
  4.95720795  5.97180452  5.79190571  0.89127247  5.02254746  3.25971534
  9.4892423   2.86232154  5.33510444  4.48117115  8.76381057  3.48124866
  2.30387349  2.70008098 12.91418439  5.20382211  4.83752115  7.74386042]","[ 3.04448675  2.92832601  4.76207844  4.94854361  4.34935311  3.30622549
  3.98613806  4.41104194  3.14468004  0.68341699  5.51880253  1.94135575
  5.79150335  3.28844752  5.68039067  6.07630809  7.44080713  6.34684437
  6.1973424   7.03745637  3.80537262  6.05534966  4.42800281  5.49359991
  1.79706971  4.46005024  3.24001752  4.12181632  4.31308812  2.77070208
  4.67137426  2.40067653  2.99681847  4.44777158  4.02913153  0.54819201
  3.688134    1.96078915  5.39698748  4.13935392  3.71880099  2.50266204
  3.9640259   2.26883872  3.00086035  3.4395561   4.9333471   3.28035488
  1.96726586  3.91689209  4.73658612  4.30515728  5.55014984  2.29592941
  7.12077304  8.34154835  2.37637468  3.09128503  4.53339017  2.56107112
  3.87930442  3.27072683  3.15988868  2.41361497  3.25649799  3.69309407
  2.69568096  2.84313919  2.38561413  4.84312035  2.86154819  3.63540587
  3.16631873  5.02425121  0.70017713  3.40686095  5.393863    5.17640165
  6.02215697 17.47814222  8.51186659  6.77540162 12.94268123  5.86905649
  5.11622275  7.30493399  3.89855581  6.0836677   3.78287259  1.81200181
  3.25442017  2.85410645  4.03257694  3.09361054  2.6633629   2.58222184
  4.56963733  5.26875628  3.98752909  5.62343943  7.22991427  4.21343054
  4.35622685  6.22676283  8.96437285  7.52022315  6.28558855  3.62858184
  6.739857    6.28586793  5.77958591  5.34961934  3.24127712  4.30317465
  4.5919315   2.81313589  1.5131267   3.31476101  2.4107517   3.98588284
  5.41934152  4.36193873  1.46670925  4.70683001  3.99285798  4.16121901
  5.21912262  6.79902372  6.48958887  6.2508858  11.31186542  3.916468
  4.03106007  5.58084403  3.17122439  6.88847315 13.1605769   2.8386715
  9.93701339  6.9786913   3.54887859  5.41501719  3.84458738  4.89603535
  2.37290198  1.41986946  4.20883672  0.12325445  1.37407997  4.44512042
  1.12188862  2.23120528  5.59777718  3.39218096  4.63773925  5.28303082
  4.78782813  7.11111737  5.80235626  7.67786145  5.14166617  6.8245109
  3.62947466  5.19576572  4.58119018  6.66130365  5.17274928  1.58123627
  6.32705403  5.74781462  1.11671154  2.42020607  4.62865819  2.24892319
  3.10424044  5.38267413  4.81625024  4.08065787  4.68922693  3.97161556
  5.47734856  2.87580818  5.78111001  8.59403922  4.07867042  8.80609101
  2.57937622  3.1888933   4.35084243  6.00363073  4.3222878   5.07750542
  6.30966234  8.25399092  4.07580584  5.70419806  8.12252848 10.95007632
  2.21242913  4.31856326  8.46594451  5.98407598  7.0531533  10.5703613
  4.55663797  7.66819852 11.68089455  7.65518332  6.82983002 11.7172651
 14.44734972  5.02356731  7.61195209 12.13529119 14.54811132  9.68567854
  6.53553994 10.19633827 13.00933433  5.32986344  5.76349581 10.35148473
 12.37231352  3.509477    5.55356662 10.2378538  11.6937304   6.38042277
  8.50425071 11.1829073  11.88730974  7.52115442  4.85456899  7.6664087
 10.26811618 10.38847897  5.8028946   4.05498328  7.32562387  9.54661928
  6.55918403  6.23160432  8.71136648 10.0107588   5.16164383  4.4836542
  7.38371586  8.45762832 10.68839465  4.05565794  3.43152456  6.42401307
  9.91204925  4.42339517  2.74601737  6.04244389 10.99284194  4.24617956
  5.10516324  6.9067575  12.16258555  4.69818636  3.13537962  4.75384047
 13.48270715  5.19084298  2.97589979  4.47230111 14.15558611  6.82103871
  4.21308788 16.40335718  4.88994379  3.69528322 18.23875091  7.480248
  5.33635577 10.41821605 13.49165903  5.02243166  6.50945547  7.4350031
  4.51382147  6.40349941  8.15963356 10.07163713  4.79184984  6.3218777
  9.89331059 13.29767942  2.85880656  5.67733498 10.82256298  4.90871291
  8.94745347 13.19366859  4.53127906 10.43494567 14.64536719  2.92932678
  9.25583354 15.01517072 17.35048227  4.74242925 10.8471498  15.40320904
 17.31538455  4.66886115  7.25451357 13.22421294 15.95158539  4.16081446
  8.59517165 13.71870194 15.26433299  3.32229093  9.06836135 13.67602664
 14.62124122  5.58962296 10.65052008 13.44767665 12.85521605  8.69501821
  6.50878938 10.41075259 12.28649735 11.18645233  6.14388888  6.51530792
 10.38124158 11.52723927  4.41414964  8.67650657 11.86351176 10.73086359
  3.63092554  8.22539256 10.60411668  9.83156943 13.25617675  4.57734948
  7.16275981  8.32557427  8.41387448 11.77102394  4.14242275  6.04903069
  6.5191106  10.25285606  2.6396216   7.84607914 10.03092761 11.22443612
  2.51194219  6.12925717  8.48243755 12.32391925  3.5319167   5.02847238
  7.27730125 14.90540226  4.25305615  4.33894145 17.58345063  5.67579018
  8.7291718  20.02879868  7.60450291  6.28566     8.36483631  7.03929614
 13.57901338]","[ 1.64283186  2.13927401  2.39262759  2.15575371  1.50765979  1.87331276
  1.52914929  1.05613404  2.8422042   2.16841397  0.28200374  2.69762864
  2.32932192  2.39559692  2.50041603  0.12292802  2.55170844  2.20932384
  1.22330787  1.14628741  1.39607034  1.72652651  2.28251266  0.66745008
  1.25503846  1.68349017  2.70025999  0.66678569  2.63815249  2.03464491
  0.30835587  0.24014939  2.35144173  0.68042863  1.27903732  0.23303332
  0.93896649  1.19259725  0.5374702   1.88128076  2.10240789  0.83810196
  0.21970423  2.11919855  0.90272679  3.12831335  0.14297876  3.09550232
  1.35367195  5.10742699  1.10503792  3.66151331  0.56605828  4.99370704
  4.49640093  2.48248533  3.1482964   3.24088019  1.66347228  8.7222548
  3.4964653   1.63334052  2.00194096  1.04071387  1.90601071  0.96704697
  1.65052601  3.62604141  1.91265882  2.77060049  2.49607988  1.59968447
  2.42489897  2.64772914  2.52627995  2.49317136  7.73156646  3.01059402
  5.96951848  1.75634142  4.33939134  0.56873195  3.9684409   6.11904241
  4.16408911  3.48412793  4.40145068  3.34879962  1.34994615  1.00292215
  2.35224198  1.86873339  1.6038285   1.17387651  1.75118538  1.06989516
  2.75299497  3.71401353  2.28800396  2.3678242   2.83380018  3.84338351
  1.36203779  1.64798607  5.44384907  1.55930357  3.90176362  6.09178328
  9.74765625 12.42269905 16.20701392  9.35179043  1.90538611 10.3956246
  8.9202416   4.7823555   5.28295382  7.21156747  8.72163927  6.7595896
 12.85672112  6.87859342 10.55369301  6.58813832  5.85254231 13.50237588
  7.94063401  6.69280546  6.86437717 14.14509014  4.88723383  7.36212088
 10.06154716  1.12150598  8.70013751 13.17633144 12.04110071 14.33651635
  8.62814895  6.91975566  6.9556053   7.82502721  5.95504697  5.38977449
  5.4251548   6.95002736  7.08500528  6.29855596  6.48516857  2.5155856
 11.63865755  9.30060232 11.87710028 13.41324206  2.85406108  5.61973582
  5.66941138  7.43796153  5.52286244  4.07756791  3.51759274  4.3190979
  4.45605479  4.95442949  5.45592165  1.54539064  9.81877404  4.57593761
  3.41138656  6.98851273  4.16549542  4.15056539  3.14510482  4.48073001
  5.11747197 13.79802831  6.97097914  2.14646369  1.12864595  8.17660837
  4.71942933  3.07283275  3.28433172  3.03117642  2.35525462  3.20253039
  4.74687726  6.93878474  2.93005144  0.74799514  3.19779893  1.65053242
  2.28539688  1.58393309  1.68858341  4.09531664  8.01043052  3.82602642
  0.90681938  3.26139958  1.08921147  2.34921428  3.93864935  4.17334108
  1.15207432  4.45583641  5.22327194  0.93819375  2.36755026  0.98121186
  3.31218509  6.86901562  3.2191857   6.26848022 12.4417433  33.95643416
 31.97131035 38.18396568 15.74160177 26.63060525 37.04835051  6.19502295
 42.86696322 52.59399973  4.87131181 12.25567098 15.26279333  6.09997201
 13.7004565   8.1214755   3.08719987  7.2313126   7.5022359   7.22822691
 17.98913259  7.45964389  7.47060279 11.90977142  9.44720575 15.10815102
  8.30691138  9.31936506  6.88492954  7.5132941   9.62103294  5.71012286
  7.74834436  9.48805351 15.38807794  3.32843169  8.37512087 11.44837675
  0.50132608 11.6587386  12.39126796  9.92212766  9.49291528  8.10340192
  7.77459038  6.62148386  5.04375891  5.37489968  7.85820845  7.13918313
  6.87976063  4.32441774  8.37394126  7.67602349  3.53376898  7.75176178
  5.16757445  6.83731106 11.50497404  6.69524044  5.34944708  3.76565415
  4.73995924  6.15266883  6.52283518  4.5643396   3.08262665  5.4913492
  7.16267891  6.27617144  2.38141863 11.48228093  5.7904571   2.81245687
  6.12909106  6.41171061  6.07037101  1.53791661  5.05966448  6.56041757
 16.52778289 10.13736095  4.84654027  1.94539973  6.10249953  5.91075364
  5.55794855  5.58165106  4.0035019   2.2397775   5.12279078  6.5613341
 10.92303364  6.18211735  2.87642926  3.76303454  4.20092957  4.68557659
  2.41659654  4.56076539  7.66369986 13.07912666  8.06625261  4.19561306
  2.83222128  2.8701484   3.16612373  4.89394274  7.42594674  3.55405085
  8.85579584 10.19065076  6.77902735  6.6615862   2.207887    2.75032644
  7.14748137  4.82771278 10.93809646 20.35686847 29.42855909 35.48663722
 45.40825122  9.35104225 23.49361353 39.30938235 35.94869689 42.60905626
 48.57465361  2.48461441  2.20857317  1.1234062   5.13037616  4.47823326
  2.18606827  5.95290851  6.81617884  6.38475046  7.14840012  5.58429434
  6.96416856  7.80981562  9.46858057  7.5383289   7.53149754 20.01389792
 10.71944754  8.67387322 10.37255643 12.44267561  9.17064928  8.58371586
 10.75215222 13.09159372  8.16195201  7.51411976 10.90812329 13.75863435
  8.17024739 11.2953432  13.89080515  8.35320317 11.19043943 13.97869088
  8.08896592 10.42304779 13.35291832  8.20379046 12.11379873 17.80967316
 15.09427971  6.76148749 10.78324506 14.18901257 14.52785946  7.18105464
  9.7704983  12.7225159  13.1206446   6.83912725 11.16701637 13.8539589
 14.47408836  6.82121617  8.53525335 12.02645052 13.54577676  6.53268928
  7.4312018  10.48823906 11.77847019  5.49757655  5.90864649 10.53400324
 11.45328682  8.52763294  4.74482839  8.78642454 10.65842697 10.06242755
  3.78483398  7.22696843  9.34204084  6.51508074  6.45817698  3.55020107
 10.7895138   5.1539684   4.28127279 14.19773504  4.47719386  4.31117473
 14.26524321  9.76829578 11.61513815 17.13463216  2.66636413  2.08462803
  2.55893042  5.15090203  5.4469892   6.13992208  5.5159787   6.2129439
  7.44443044  8.96036479  4.69442111  6.67972364  9.34980841 12.01216405
  5.25294703  8.44878628 12.00397119  5.10430397  7.27499945 12.2308254
 14.15440025  4.30111431  7.89653685 12.7419368  15.10161079  4.93173071
  8.20954624 14.03909188 16.58170172  9.27082365 13.49129392 15.59983232
  7.92938966 12.6603162  15.23536556  7.02428234 12.58777166 15.75430032
  8.87494396 13.94383925 16.10223113 14.9876248   6.997897   12.29989399
 15.14181496 14.24946179  5.98151605 11.10738476 14.32792584 13.74675406
  5.13784691 11.35033226 14.8175777  14.44253315  5.11927298 10.23144055
 13.61975454 13.94991449  6.6694307   9.75142063 12.62550133 12.54554811
  9.35543245  5.36845359 11.80637555 13.58310136 10.76239099  4.98320454
 11.38937478 13.49556386 10.98521092  4.40987336 10.34874732 12.05363261
  4.20670223  7.57439184  8.51878687 11.12264884  7.13669785  9.52790526
 16.81323643  6.11498671  9.95587228 11.18507429 11.02933318 10.44257914
 13.69934784 15.1243323 ]","[ 2.94845166  2.98529372  4.61960904  3.80877988  4.57410657  3.63983341
  5.12516026  3.50354655  5.79840618  0.41202672  3.53209188  1.88682134
  4.34135628  2.98260211  5.45215929  6.04233739  7.22434069  6.03625595
  6.66110069  6.8277634   4.57633891  3.10813806  0.84529514  5.7455093
  2.1195603   5.95778185  3.73290142  4.71494394  4.44557503  3.03959945
  3.78682813  2.89138246  2.68188705  4.50923244  5.11326048  0.51209856
  3.79206955  3.64053165  3.56950906  3.25962699  2.82840102  2.33800278
  5.40977128  1.9216217   3.77597711  1.47142429  1.60118757  4.01114693
  5.17171587  3.37786097  3.58582692  3.26244326  2.71913703  2.77189411
  9.66016744  8.05790689  2.97705705  3.47465041  1.35195356  4.02748517
  5.73406974  4.07358352  5.39715605  1.84680153  0.7523447   4.58663705
  4.15177694  3.13726583  3.74818875  4.16877661  2.1199891   3.73027717
  3.30322847  4.61317157  0.6051441   4.52009214  6.28717008  4.99102697
  4.73417122  8.14002013  7.90092361  6.4140863   5.9160602   8.94344029
  8.14379505  6.72749404  8.16177934  7.7272336   7.33838085  7.71840067
  9.92315336  4.68578305  7.80981051  9.40291365  7.72609796  8.76760619
  9.18287493  6.15899697  9.12369834  9.06700459  9.75412715  8.4547085
  9.94045599 11.32478633  8.96958394 11.66835334 12.77652444 11.49486738
  7.88239723  9.36440395 12.72139937 13.35501461  9.15503428  8.0543284
 11.99187299 13.91330964  9.19590115 13.04081176 16.65262908 16.04896731
  8.38026988 10.94522607 15.07467801 16.96556947 15.46302319  9.53781775
 13.25486193 15.53423409 15.29779346  5.42056626 11.58066361 12.40891991
 11.63168591  2.03031508 10.63010455 15.14578353 17.24829315 13.9184974
  8.22756486 14.57246067 17.74136724 16.68772503  6.85029678 13.0242618
 15.83712384 15.74375919 12.28983099 11.19527162  6.2830899   7.92748689
 10.87669605 11.01120912  8.30255217  2.55726127  9.20749899 12.85458932
 11.73577314  1.85281924  6.83351544 12.15744669 12.42551738  7.97140904
 10.4735699   5.68071219 10.70497031  8.16112931 16.53184016  6.52206009
  5.93305795  2.01515356  5.92518703  4.47900163  4.3990346   7.21852762
  5.79877562  5.80592191  6.78681029  7.22382566  6.9078611   6.20498109
  4.57634764  5.75842146  7.51508416  9.43982278  6.50644201  7.19583366
  8.71766309  4.30183513  7.28987795 10.55614531 10.13075459 10.01239678
 10.29793158  8.72063637  6.92485258  8.21486912 11.12210531 11.92908742
  9.88980761 14.40196605 14.95269474 10.14835155  8.91766824 12.10302273
 13.98970325 12.45834204  7.88445838  9.74053679 13.45627735 14.54100834
  8.9217128  16.36729436 20.16418803 15.8108017   9.90539126 12.56552285
 16.82229887 16.92954758 12.84621656  9.96565796 14.69956562 16.85530745
 14.4525333   3.60298863 13.46343805 16.51726132 12.45210827  5.7505237
 11.05879497 18.98765106 17.72901824 12.05542723  9.68372479 17.62992311
 19.2614456  16.35133109  8.03528689 14.06080106 17.3058806  16.85018601
 12.12233654 13.48574243  4.98137577  4.02080747 12.06306075 11.59431628
 13.82646383  2.42789462 11.25226628 15.7868567  16.51761827  5.55851924
  8.71166421 13.55659043 15.69397686  8.24341038 13.11515627 11.24167411
 11.79032085 10.57288915  8.24395648  5.77024362  8.56747854  5.06316325]","[ 6.85508639  3.47299863  6.60967885  4.61599355  3.46192715  1.80604643
  3.49052157  6.78261251  1.66884027  5.14237063  4.30189421  4.10539894
  5.36650638  1.46116324  1.00087784  6.62410465  1.32107104  5.33560073
  3.89077616  5.17825957  3.25435908  4.5894565   6.46396249  0.74173016
  5.21409861  1.94203197  1.22057483  3.82543727  5.342713    4.32397287
  6.44476673  1.53208522  5.39930931  1.5200602   3.2547484   4.87082968
  3.60695258  6.96155117  3.42528987  6.52548755  7.47079596  5.53766522
  4.88658356  3.73338176  1.7529928   3.05640878  3.63429249  3.53260129
  4.67757446  4.72756405  3.18769809  0.08215165  2.86214052  2.14319959
  2.60773703  3.61022789  4.78901349  7.46131956  4.21977533  3.99965993
  3.11599325  2.33529545  7.1526246   5.21843327  3.83799399  9.33604471
  9.22691052  6.46269833  8.65614934  8.53684584  6.23121475  3.31146293
 15.24091314 10.89330089  1.03867765  1.32146169  9.83498746  6.92923937
  1.62740988  3.10690736  2.82687409  2.91248227 11.43577306  4.81235927
  4.30141925  3.76966398 13.8815052   9.59768712  6.1633822   5.43160908
  5.88547299  5.61857844  6.28730484  8.40290039  8.71269566  2.71861302
  0.0952613   3.01511859  6.48001723  5.30106522  3.27608987  4.31785542
  6.00565419  5.52030856  7.26336741  8.38751496  4.23825679  1.9059575
  8.77901258  4.34309806  0.44466612  1.33516384  4.99097327 10.6649455
  5.224784    4.54704994  5.55405511  8.70150953  9.51829301  8.97457703
 10.16738326 10.38034509  4.26691373  4.19247564  3.25570881  4.6044655
  2.95683207  9.19271818  3.29018767  7.08721838  7.10182283  9.04359881
  9.68773856 12.60587773 15.74708516 13.4414164   4.86641346  4.78122497
  4.82426025  8.38998744  9.43892377  6.5647219   9.18994612  8.49416643
  3.22983707  3.63948485  1.0938259   0.89095221  7.65411802  6.15816271
  3.86642428  9.11096358  8.03632332  4.802462    8.05844154  8.00444265
  5.53647499  4.25157404 13.76146544  9.36079455  3.75289434  0.73893583
 10.14044566  6.43955367  4.71612493  6.45187288  0.84892555  1.11965236
 11.0223247   6.21909022  4.55301128  4.1058896  14.94447617  9.31988253
  6.93043655  7.11637633  7.50896169  7.43973672  9.19556237  7.03947423
 13.04948107  3.53667969  2.55664859  2.47662554  2.59908151  9.1953138
  3.81647416  4.18563674  3.83793535  7.91470146  9.05518503  9.13211726
  2.38766279  6.95348294  5.03385903 12.7460591   7.76689502  2.8227316
  2.19296679  6.30660038 10.12162208  8.29795962  5.05630415  6.05770225
  5.35718801 11.00915783 10.08420772 13.10645973 10.88976898  3.79980789
  9.90055131  3.51962904  7.46848189  3.63721641  6.46674198  5.72591827
 11.63036464  7.82677746  8.8360116  11.8806477   9.98215215  9.82865055
 16.48209435 18.7310733  11.42284025  0.24942682 12.30449583  7.84672475
  6.42335063  5.01927413 13.07582036  9.52664061 14.11057543  2.21380442
 13.08957502 10.46053249]","[ 2.27729443  3.49291606  6.55732733  3.77489652  6.78429464  4.02547649
  3.39551927  4.40066195  2.99635464  5.81303504  5.9169448   7.26515652
  4.597529    5.56601912  1.72968999  4.51862495  5.05051594  4.04515131
  5.58768373  2.06375956  5.88381493  6.44840503  5.17900322  3.30489031
  3.22627924  4.64215203  3.42343854  6.75766848  3.78755654  7.05787521
  1.73348491  2.85138277  2.1051339   2.61701085  8.55951354  5.36736093
  4.45427359  3.05670665  3.68655333  1.90570963  2.30531694  1.98063129
  9.0521455   2.37448079  4.50019603  6.04441104  3.99640302  3.64397061
  5.05061517  3.85200126  4.09908119  3.28845254  4.60954862  8.52049036
  1.88253673  4.1860837   3.49376506  1.97682633  5.40805652  4.19814765
  9.24009864  5.06701958  1.60661652  2.65657783 48.60158456 40.84009972
  5.97506232  4.07841155  3.60709486  9.58051757  7.12581032  7.65666377
  9.11243159  8.78979784  7.15060927  8.98639867  8.99649519  6.76078684
  4.77881573  8.68255678 11.76646243 15.53793083 16.57091682 14.66779227
  9.23900955 10.38389077 12.9437177  13.19882044  9.66536324  7.00061498
  9.1370971   8.81013419 13.70643005  9.1735733   3.98558703  5.16183565
 10.48356752  7.83862531  2.00687543  9.82434881  6.62054239  7.84784873
 10.51363332 10.17995386  8.91354985  2.43051482 10.77531473 15.57754621
 17.76583032 14.55867103 10.23239506 13.22555791 16.59880095 16.92380219
  7.57224608 11.31513735 13.95334023 12.40594657  5.5944838   8.65719141
  9.04736803 12.29861241  4.21974162  3.91371746  3.85195305  8.21332122
 12.01008211 10.83828734  5.61516903  4.13687399 10.62115858 12.36336143
 11.29522228  9.47560676 11.60466594 14.28172874 12.69747133  9.26329273
  7.62942047  9.79012472 10.6620753   6.72125583  3.99017496  5.0602751
  6.46532429  9.15372938  2.34169876  7.63941766  9.22877157  6.64584945
  9.46086051  3.13186968  7.91392898  8.14952719  8.20376986  5.73388352
  5.88559314  3.90960524  6.41053893  4.05089112  2.97827878  7.97741016
  7.46403964  8.70927916  9.2620431   6.81486869  6.46405271  5.92413247
  7.76947361  6.91026123  5.32608894 10.56064638 10.6398373  16.40980538
 17.36491655 13.16033518  7.07760755 11.49673334 14.74743941 13.80850558
  9.69985338  9.18667531 10.8168627   9.88294648 14.25956064  9.40901657
  6.55790509  6.81236294 11.59750831  5.89761445  3.52836041 12.94699915
 13.34961701  5.21797604 14.22689113 11.61509916 13.5340795   6.70241374
 11.35128778 18.73585399 16.99595491 10.27479089 10.29283168 15.47445624
 18.20523469 15.02385061  9.5334997  12.59839881 14.34033864 11.15244026
  7.95075286  7.8141563   8.61189527 11.31227178  5.93900568  3.69858293
  4.09277012  7.07373472 11.8905661  13.48861029  6.6695829   1.8474544
 12.29089984 16.31079712 12.67523092 10.51401652 17.16470108 16.85548386
  9.17121795 12.84288989  8.96662118 12.37691449 11.53398222  9.81042055
  5.92136802  6.91808613  4.62411492 19.95023604 12.16064376  9.50347605
  5.44828544 13.83871619  7.21901926 14.91597226  6.79673635 11.09825454
 12.7820006  10.36718391  5.59979628 10.14740526  9.78369205  5.96840597]","[ 6.10163753  4.45947459  3.42222065  3.79920587  3.98264303  2.51768483
  3.04120988  4.49655837  2.49948691  2.41520799  1.19424327  2.50956455
  1.47557272  1.9607173   0.94425467  1.81680123  2.48773716  1.08648141
  2.23503899  2.06187423  3.6067898   3.17979784  5.05148444  4.05640422
  0.88529712  4.59411157  3.65420413  5.85655043  4.57217493  5.60851724
  3.66269365  4.13386492  2.26490432  2.63384789  2.8518637   3.32062716
  3.30222895  1.45978616  3.19306818  1.8442267   2.10225372  1.07496098
  2.92567781  1.29305012  2.92388628  0.2350048   1.89860055  0.27026774
  1.48833493  5.17628606  1.64024979  3.06031597  3.93113034  3.67518955
  2.38257486  3.92248626  4.30816216  2.5232512   3.86490011  5.78583002
 20.60331004 18.28580024 12.81655121  6.110521    3.33712915  6.33700297
  5.44838774  4.36933995  3.05521134  7.81384413  7.13553734  4.63911208
  5.98630972  2.38940727  3.58623833  2.447795    4.30739427  0.97191391
  1.74292642  2.31527714  2.4697843   4.57726393  1.31964908  0.68753948
  1.83972568  1.13598297  0.41286201  3.23956106  8.78022944  4.50470367
  9.71323417  5.73799334  8.21346788  6.04980712  8.01181047  4.19220807
  7.92537807  2.95622514  2.49466699  7.87896393 10.04098361 37.47072356
 36.51893389 20.89888197 26.46491428 12.93299245  8.56078069 13.37708524
 15.12685891  3.76667127  8.26896224 12.38299532  4.39344843  8.72975743
  8.28135098  2.34516749  4.98443127  6.91543984  5.071604    0.24314732
  4.65651108  5.55474181  4.08731145  2.60120859  4.13748838  4.26549773
  5.59293553  5.04253584  8.84355371  5.36490657  7.93556426  6.34712993
  8.27389355 12.12694589  7.09316886  4.55723789  8.05790097  7.90006286
  3.77913103  1.64348757  8.44880297  5.80515399  7.15127375  9.43607616
  4.80209208  8.79925463  7.85993271  5.03809472  9.31754737  6.38234
  6.15875184  9.22737351  7.44734102  3.74655821  5.56383884  4.23765573
  6.5135992   5.01502765  3.37868098  6.92991366  8.28763327  1.06946095
  5.89008821  7.52280039  1.69865301  5.54306244  7.67697216  6.7914135
  5.21173108  9.34978503  8.50770038 15.79963997  3.95418904  8.98703581
 12.32451083 13.48016594  9.24653598  9.67488003  6.11756981 18.37087416
  8.23550675  6.8121152   7.72456523  8.87888104  5.80372185  7.73119313
  5.88320077  3.33524228  5.5994288   5.43361047  2.58066438  4.62711395
  5.33486969  4.52861518  4.56590429  3.9679944   3.6045774   3.05682052
  2.57723484  2.47795076  2.4428245   3.20919021  3.879148    3.22052678
  3.96066974  1.89331759  2.61695848  1.81206312  2.19370346  0.48203888
  1.27350124  3.79534224  2.16243546  2.9918152   2.39161549  0.38459618
  3.22295801  1.51971403  0.8827657   3.1055573   3.10734925  3.41602086
  3.60331816  3.84155877  4.25369589  4.85580975  4.8374095   4.26329861
  4.72064562  5.76162941  5.41375967  2.88324     6.35476334  8.53973377
  6.16622188  8.96905881  6.33481377  7.85076434  9.91444684  9.16828191
  9.3594      6.77175267 19.6692079   7.52248425 10.567179    7.32166476
  6.77968146  8.06529689  7.09003119  4.14428821 11.06905106  6.33371283
  3.12251305  2.06853984 12.05766601  6.0493034   1.55576672 19.20783414
 11.54862152  5.16366362  2.76496597 13.82842247  3.3939833  13.34394915
  5.37602998 19.47753318 11.51512216  5.1468254   2.65078833 12.32246338
  6.28461985  1.46421614 10.51267704  5.88023576  3.04026269  1.90589224
  8.12510267  7.71240466  4.46740169  9.20943468  7.14249816  7.35922159
  6.67196048  5.20989592  8.21839653  5.4906762   5.52714681  7.45534118
  5.09005725  9.00184157 11.56922079  5.05275924  4.06258132 11.7964693
  8.24035773  8.54314192 10.91306081  6.47144028  9.52683142 12.61237666
  8.767006   10.55177824  7.65913987 13.65978391 13.17947524 19.99906392
  7.43798972  9.43074421  6.32453694  4.03559786  3.68325567  0.85544459
 10.77289759  8.02968544  6.78975638  3.80808846  5.72503616  5.76835707
 13.66116851 12.21919927  7.2380756  10.85109657 14.62211063 15.23349241
  8.1667313  12.30484939 15.07945749 15.01187788  7.87315084 11.84142371
 14.11405482 11.67850643  9.16551489 10.38751651 12.16868931  8.7707174
  7.44346567  8.68270179  7.68151063  8.1280594   7.41782556  7.61721162
  8.80702203  8.00165021  6.2274771   5.65882925  6.22978346  8.52333387
  3.47148817  1.35702616  7.814861   11.57621607 12.6836653   6.63199727
 12.59354033 15.43265517 16.11534166  9.75722855 13.48672007 15.34655497
 15.62377639 10.25758546  8.99949987 12.34354742 14.22210547 11.45723902
  8.54268856  9.99898512 11.0745163  12.74323163  8.34770973  1.11515426
  3.96549755  8.91418201 13.05079961 12.21563792  7.68609167 15.05654918
 18.01834341 15.38302172  9.39859323 12.9862968   6.56824694  8.81548706
 10.57114717 13.72329431  5.64707237 13.31542667  7.73780807 11.54539494
 14.6737073  14.57857319  7.26798092 12.14857534 15.9172621   5.14393675
  8.03419542 16.14566577  6.9011393  11.76791699  5.83314086 11.15574374
  2.65728497  4.28284995  8.49767067  3.85659219  5.38347516  1.92721024
  2.52263779  2.46827406  8.45425263  3.97314385  8.38632315  8.53349134
  8.97415606  6.60982877 13.28845664 14.83264681  5.31004039 12.45545563
 16.16650088 15.10873955  8.94641141 14.26156192 16.42403011 14.44378968
  8.61413086 12.58269284 15.28132999  5.99007255  7.10995698 11.7384719
 14.51060272  6.93603921  7.63219621 10.12642277  6.63460821  6.96310432
  7.85911757  8.92503245  4.9225961   6.77093071  6.52826072  6.3316855
  8.41386756  5.78721556  8.74499849  4.42115195  5.11294679  8.68143675
 14.88963843 15.62610405  6.77844304 14.93287962 18.01255179 15.73005803
  8.63852641 15.68594711 17.65984587 13.70098221  7.00473491  9.76868053
 14.00660761 14.65078427  8.21344335  8.58109992 11.41620178 12.35202528
 12.49482919 10.99887221  6.58838726  2.76849993 11.90607296 14.62482972
 14.97065349  8.8474219  16.51152917 17.91768151 14.00644625  2.59446603
  7.74795416  9.85020814  9.99678196 10.57727387 11.13742273 11.54575395
 11.79304901 11.19859018 11.13248376 10.83132281 10.85570163 10.2090541
  9.46306441  8.80032138  4.29823291  3.08343946  1.64778769  2.33469537
  1.27936496  0.78989803  1.16280936  2.07992274  3.15855063  3.98256626
  4.7764947   3.88763436  3.08459468  2.37535877  2.03699595  3.29849178
  2.9370718   1.65185997  1.98082609  3.43036938  4.21119576  2.59625723
  1.33860055  2.22340053  2.76370341  3.42980754  3.29354633  2.23873659
  2.58617949  3.81909023  3.85689948  3.35651485  3.56303813  3.4856594
  1.11979126  3.29364007  3.19555453  2.22272395  1.57068068  2.39649526
  5.70116962  5.26794937  2.8114428   3.27460368  3.37061366  3.65414224
  2.24527229  1.48982687  3.01723575  4.603962    3.99476718  3.79884224
  3.63367907  4.37063693  2.3933261   3.24070913  2.87106486  2.37833148
  0.99590861  1.60750591  4.22634624  5.1183673   3.68098015  3.12680891
  3.34969754  3.79238128  2.57503195  1.75174416  3.22871808  3.96764958
  2.4181938   2.30953378  3.19366346  3.60491353  1.96139203  3.23829421
  1.68061436  1.90009917  1.49921169  2.13097741  3.41689     3.60332911
  2.85482477  2.19870406  2.30019706  2.40403207  2.20893792  1.4430895
  2.30759176  2.89522095  1.74132262  1.47903447  2.45378451  1.99798331
  1.00641929  3.00036538  0.96148956  2.43223884  2.06896782  3.31466603
  5.042602    3.73410731  2.17886065  1.95127189  1.4422113   1.41511626
  0.95803677  2.06211309  2.25643066  3.03059444  1.25223912  1.05306299
  1.22452593  0.76223853  0.42273596  2.99414793  1.56208683  2.21292567
  1.56652004  2.94296853  4.49067541  3.07390358  1.78928899  2.23756979
  1.59095566  0.9966679   1.0810806   2.162146    2.90536584  2.7750965
  0.69558049  2.13454762  1.16726737  1.1542618   1.11953858  1.74516293
  1.64157158  2.42094024  3.02067862  2.61117851  2.69556948  2.71054193
  1.61919792  2.31334348  3.67660743  2.17615003  2.35932646  2.06373799
  1.99479191  1.44783692  1.13305463  2.32211463  1.43734012  1.20933021
  1.61112933  0.15892178  1.65620329  2.51959066  3.28474047  2.08288932
  2.77836298  3.62669972  2.73643217  2.82219884  2.95527954  2.01283142
  2.55665359  0.72666373  0.86010535  1.35776723  1.96017453  2.3315814
  1.63229627  1.57348737  1.26598662  0.90988196  0.97273195  1.5029664
  2.05275039  1.52756372  3.48151181  3.6429222   2.08495521  2.42164606
  1.53363065  2.03422715  1.46781297  1.25275832  1.21746477  2.19558621
  1.59553923  1.54498757  1.27346159  0.75062513  1.10053513  0.68687973
  0.04906739  1.03864597  2.32080981  2.20101401  4.20295554  3.60261123
  1.26759898  2.54487877  2.51906336  2.79867818  1.41036637  0.5113107
  1.15428542  1.60170391  2.01061958  1.42538921  0.78887867  1.12002347
  1.23284982  0.62111487  0.4708596   1.21617313  2.11498834  2.18993676
  4.20844194  3.61024182  1.46080934  3.22221833  2.78395448  2.03479039
  1.1828348   1.55037947  0.75864445  1.31463112  2.73442429  2.30721449
  0.9002504   1.35320573  1.15236041  1.37467024  1.08165985  2.236229
  2.35152218  1.95069907  3.54202669  3.17727678  1.61940994  3.0338448
  1.72376895  1.26372098  1.01096648  0.78230023  0.52595982  1.3901349
  2.0248503   1.79551043  0.72588347  1.4827906   1.56222747  1.86047031
  0.99805031  3.25368017  3.56839351  2.29175979  2.88063629  3.00856773
  1.99018954  2.90261016  2.15999943  2.21169969  1.15351839  2.25385885
  2.13740877  2.17424041  2.39973824  1.34625743  0.63456347  1.84932649
  1.98431863  2.76373537  1.33022116  2.35834154  3.36715713  2.79791234
  3.52568412  4.17165206  2.19384336  2.89287492  2.99781769  2.64715476
  1.36823425  3.09089317  3.47300067  2.98595424  3.84590188  2.90556209
  1.90451223  2.35795603  2.22282189  3.60479864  1.83934128  1.92895572
  2.75193116  3.45552425  4.27713888  4.42642113  2.05066899  2.44188533
  2.36769224  2.13078422  2.58960162  1.29579204  1.82155592  1.7689405
  3.19723671  3.11681748  1.90625548  1.55995541  2.30402253  4.49001202
  1.99352451  3.18217013  3.05377669  3.71968111  3.24459866  3.08321681
  2.97064118  2.62196478  1.73921937  2.74499088  1.66860341  1.28818877
  1.03665519  0.73882096  2.59506609  2.25112208  0.2250454   1.28169742
  2.73532718  5.53277607  4.067189    2.44339692  3.38676247  3.79935214
  2.23626493  1.55903933  1.93439499  1.12251509  0.71325957  2.02715134
  0.38332295  2.00779704  1.41266974  1.18411086  2.97750526  2.86344408
  1.73616677  2.46468856  3.8156492   5.31413907  4.74654152  2.63254759
  4.49676241  4.47681093  3.08355128  2.28955735  2.19695593  0.88947753
  0.76776332  0.83431425  1.60865187  1.41430903  2.26880163  2.97149549
  3.35006719  3.22092544  2.48821807  4.28298837  5.22728436  5.65018717
  4.5880325   7.10629075  3.14059359  4.25796383  5.78736797  3.34384326
  2.56331518  4.76395331  5.76357013  4.2342761   5.68386129  5.6343624
  5.22709668  4.89375871  5.54742405]"
